Date,Price,Open,High,Low,Vol.,Change %,pred
2022-03-03,31.0,30.4,31.6,30.4,28860,-0.0096,1.0
2022-03-02,31.3,32.2,32.2,30.9,39330,-0.0126,1.0
2022-03-01,31.7,31.5,32.7,31.5,151870,0.0128,1.0
2022-02-28,31.3,31.0,31.7,31.0,75740,0.0097,1.0
2022-02-27,31.0,32.5,32.5,30.9,174170,-0.0578,1.0
2022-02-24,32.9,33.1,33.7,32.8,136470,-0.015,1.0
2022-02-23,33.4,33.2,33.6,33.1,59540,0.006,1.0
2022-02-22,33.2,33.5,33.7,33.1,73270,-0.006,1.0
2022-02-20,33.4,34.0,34.0,33.3,93950,-0.0118,1.0
2022-02-17,33.8,33.7,34.1,33.7,71180,0.0,1.0
2022-02-16,33.8,34.1,34.4,33.7,130259,-0.0088,1.0
2022-02-15,34.1,34.4,34.8,34.0,108450,-0.0116,1.0
2022-02-14,34.5,34.5,34.9,34.3,118500,0.0029,1.0
2022-02-13,34.4,35.4,35.4,34.1,152970,-0.0143,1.0
2022-02-10,34.9,35.5,35.5,34.9,109130,-0.0141,1.0
2022-02-09,35.4,35.2,35.7,35.1,89460,-0.0056,1.0
2022-02-08,35.6,36.2,36.5,35.3,205510,-0.0084,1.0
2022-02-07,35.9,35.0,36.2,34.9,494830,0.0346,1.0
2022-02-06,34.7,33.9,34.9,33.8,182910,0.0236,1.0
2022-02-03,33.9,34.4,34.5,33.8,115580,-0.0059,1.0
2022-02-02,34.1,33.9,34.4,33.5,120300,0.0179,1.0
2022-02-01,33.5,34.0,34.3,33.4,164950,-0.0089,1.0
2022-01-31,33.8,34.2,34.2,33.7,267420,-0.0088,1.0
2022-01-30,34.1,34.2,34.6,33.8,247570,-0.0029,1.0
2022-01-27,34.2,34.6,34.7,34.1,168300,-0.0058,1.0
2022-01-26,34.4,34.4,34.7,34.3,85930,0.0,1.0
2022-01-25,34.4,34.5,35.0,34.3,104310,0.0058,1.0
2022-01-24,34.2,34.8,34.9,34.2,137360,-0.0144,1.0
2022-01-23,34.7,35.1,35.5,34.5,194170,0.0,1.0
2022-01-20,34.7,35.0,35.0,34.5,127380,0.0,1.0
2022-01-19,34.7,35.4,35.4,34.6,126250,-0.0029,1.0
2022-01-18,34.8,35.7,35.8,34.7,182260,-0.0114,1.0
2022-01-17,35.2,34.8,35.6,34.7,119780,0.0144,1.0
2022-01-16,34.7,35.3,35.4,34.5,172520,0.0,1.0
2022-01-13,34.7,34.8,35.3,34.6,114500,-0.0029,1.0
2022-01-12,34.8,35.5,35.5,34.7,192930,-0.0114,1.0
2022-01-11,35.2,35.2,35.6,35.1,137520,-0.0028,1.0
2022-01-10,35.3,35.5,35.9,35.2,160830,-0.0056,1.0
2022-01-06,35.5,36.3,36.4,35.3,257200,-0.0111,1.0
2022-01-05,35.9,36.2,36.6,35.8,302730,-0.0055,1.0
2022-01-04,36.1,36.0,36.5,35.9,252560,0.0056,1.0
2022-01-03,35.9,36.4,36.5,35.8,209130,-0.0028,1.0
2022-01-02,36.0,36.3,36.6,35.8,117940,0.0056,1.0
2021-12-30,35.8,36.2,36.5,35.7,169350,0.0,1.0
2021-12-29,35.8,36.4,36.4,35.6,117430,-0.011,1.0
2021-12-28,36.2,36.1,37.1,36.0,309120,0.0112,1.0
2021-12-27,35.8,36.0,36.5,35.5,170320,-0.0138,1.0
2021-12-26,36.3,36.7,37.3,36.2,655330,0.0028,1.0
2021-12-23,36.2,35.5,36.7,35.4,649940,0.0284,1.0
2021-12-22,35.2,34.7,35.5,34.5,190880,0.0144,1.0
2021-12-21,34.7,35.5,35.5,34.5,119800,-0.0142,1.0
2021-12-20,35.2,35.6,36.4,35.0,278140,0.0057,1.0
2021-12-19,35.0,34.4,35.6,34.4,192850,0.0145,1.0
2021-12-15,34.5,34.5,35.4,34.2,104920,-0.0029,1.0
2021-12-14,34.6,35.0,35.8,34.6,130080,-0.0029,1.0
2021-12-13,34.7,34.8,35.4,34.6,61970,0.0,1.0
2021-12-12,34.7,35.8,35.8,34.6,186890,-0.017,1.0
2021-12-09,35.3,36.0,36.0,35.2,113280,-0.0056,1.0
2021-12-08,35.5,35.9,36.3,35.4,182910,-0.0139,1.0
2021-12-07,36.0,35.7,36.2,35.7,136110,0.0056,1.0
2021-12-06,35.8,37.0,37.0,34.5,255380,-0.0219,1.0
2021-12-05,36.6,35.6,36.9,35.5,286090,0.0398,1.0
2021-12-02,35.2,35.9,35.9,34.8,89510,-0.0028,1.0
2021-12-01,35.3,36.0,36.0,34.9,167710,0.0115,1.0
2021-11-30,34.9,35.3,35.8,34.7,132990,-0.0141,1.0
2021-11-29,35.4,36.0,36.0,35.2,132790,0.0085,1.0
2021-11-28,35.1,35.5,36.0,35.1,141810,-0.0085,1.0
2021-11-25,35.4,35.9,36.0,35.3,95240,-0.0112,1.0
2021-11-24,35.8,36.0,36.7,35.7,176650,-0.0056,1.0
2021-11-23,36.0,36.8,36.9,35.9,141820,0.0,1.0
2021-11-22,36.0,36.3,37.0,35.8,207990,0.0056,1.0
2021-11-21,35.8,37.8,37.8,35.6,374420,-0.0272,1.0
2021-11-18,36.8,37.7,38.0,36.6,220890,-0.0187,1.0
2021-11-17,37.5,35.7,37.9,35.5,700610,0.0684,1.0
2021-11-16,35.1,34.7,35.7,34.1,211240,0.0203,1.0
2021-11-15,34.4,34.8,35.0,34.4,135740,-0.0086,1.0
2021-11-14,34.7,35.3,35.3,34.6,148440,-0.0057,1.0
2021-11-11,34.9,35.0,35.5,34.8,129750,0.0058,1.0
2021-11-10,34.7,34.4,35.0,34.4,149440,0.0,1.0
2021-11-09,34.7,34.4,35.0,34.3,125160,0.0029,1.0
2021-11-08,34.6,36.5,36.5,34.5,290800,-0.0281,1.0
2021-11-07,35.6,36.8,36.8,35.6,157410,-0.022,1.0
2021-11-04,36.4,36.8,36.8,36.1,84040,0.0055,1.0
2021-11-03,36.2,36.3,37.1,36.0,206490,-0.0109,1.0
2021-11-02,36.6,36.6,37.0,36.4,249320,0.0,1.0
2021-11-01,36.6,36.9,37.7,36.4,304770,0.0027,1.0
2021-10-31,36.5,37.4,38.2,36.2,253540,-0.0162,1.0
2021-10-28,37.1,36.8,38.0,36.2,469640,0.0137,1.0
2021-10-27,36.6,35.3,37.0,34.3,245650,0.0368,1.0
2021-10-26,35.3,34.8,35.5,34.0,128710,0.0352,1.0
2021-10-25,34.1,35.2,35.2,33.8,225380,-0.0367,1.0
2021-10-24,35.4,35.9,36.2,35.3,182530,-0.0056,1.0
2021-10-21,35.6,36.5,36.7,35.5,128400,0.0,1.0
2021-10-19,35.6,36.0,36.7,35.4,217680,0.0,1.0
2021-10-18,35.6,36.0,36.5,35.5,222040,-0.0111,1.0
2021-10-17,36.0,37.1,37.1,35.9,280620,-0.027,1.0
2021-10-14,37.0,38.0,38.1,36.9,191040,-0.0186,1.0
2021-10-13,37.7,36.7,38.3,36.7,564740,0.0414,1.0
2021-10-12,36.2,36.4,36.8,35.9,296170,-0.0082,1.0
2021-10-11,36.5,37.0,37.2,36.4,108330,-0.0108,1.0
2021-10-10,36.9,36.6,37.5,36.6,197390,0.011,1.0
2021-10-07,36.5,36.3,37.4,35.9,426130,0.0167,1.0
2021-10-06,35.9,36.6,36.9,35.6,454770,-0.0191,1.0
2021-10-05,36.6,36.5,37.5,36.3,334880,0.0083,1.0
2021-10-04,36.3,37.6,37.8,36.1,526420,-0.0346,1.0
2021-10-03,37.6,38.6,38.7,37.4,633760,-0.0284,1.0
2021-09-30,38.7,39.3,39.3,38.6,414680,-0.0077,1.0
2021-09-29,39.0,39.3,39.5,38.5,616300,0.0,1.0
2021-09-28,39.0,39.3,39.8,38.5,478490,-0.0026,1.0
2021-09-27,39.1,39.0,39.5,38.7,336660,0.0026,1.0
2021-09-26,39.0,39.2,39.6,39.0,337310,-0.0051,1.0
2021-09-23,39.2,39.6,40.0,39.1,439170,-0.0076,1.0
2021-09-22,39.5,40.2,40.2,39.5,346320,-0.0125,1.0
2021-09-21,40.0,40.7,41.5,39.8,947840,-0.0074,1.0
2021-09-20,40.3,39.8,40.6,39.6,513390,0.0254,1.0
2021-09-19,39.3,39.0,39.8,38.7,507330,0.0,1.0
2021-09-16,39.3,39.4,39.8,38.8,500720,0.0026,1.0
2021-09-15,39.2,39.9,40.0,38.8,454580,-0.0076,1.0
2021-09-14,39.5,40.4,40.5,39.2,613000,-0.0174,1.0
2021-09-13,40.2,41.0,41.0,40.1,510840,-0.005,1.0
2021-09-12,40.4,40.6,41.2,40.2,994790,0.0,1.0
2021-09-09,40.4,40.5,41.1,40.1,782040,0.0025,1.0
2021-09-08,40.3,41.5,41.8,40.1,961420,-0.0242,1.0
2021-09-07,41.3,41.9,41.9,41.0,1080000,0.0024,1.0
2021-09-06,41.2,41.4,42.1,41.0,1030000,0.0,1.0
2021-09-05,41.2,42.8,42.8,40.8,1460000,-0.026,1.0
2021-09-02,42.3,43.4,43.7,42.2,1610000,-0.0186,1.0
2021-09-01,43.1,42.9,44.0,42.5,2990000,0.0238,1.0
2021-08-31,42.1,41.5,43.4,41.5,2450000,0.0218,1.0
2021-08-29,41.2,41.4,42.4,40.4,1320000,0.0,1.0
2021-08-26,41.2,42.1,42.4,40.7,1530000,-0.019,1.0
2021-08-25,42.0,42.0,43.8,41.5,4280000,0.0096,1.0
2021-08-24,41.6,41.3,42.0,40.6,2049999,0.0097,1.0
2021-08-23,41.2,39.7,42.5,39.7,4330000,0.0457,1.0
2021-08-22,39.4,39.6,40.2,38.6,1530000,0.0051,1.0
2021-08-19,39.2,38.0,39.9,38.0,3200000,0.0426,1.0
2021-08-18,37.6,37.6,37.9,36.6,957330,0.0027,1.0
2021-08-17,37.5,36.6,38.0,36.6,948910,0.0417,1.0
2021-08-16,36.0,37.1,37.1,35.7,889350,-0.0296,1.0
2021-08-12,37.1,36.8,37.4,36.6,618450,0.0027,1.0
2021-08-11,37.0,36.8,37.8,36.8,561480,0.0054,1.0
2021-08-10,36.8,37.3,37.3,36.6,700920,-0.0108,1.0
2021-08-09,37.2,38.7,39.0,37.0,1040000,-0.0388,1.0
2021-08-05,38.7,38.0,39.0,37.6,714930,0.0211,1.0
2021-08-03,37.9,39.0,39.4,37.6,993710,-0.0257,1.0
2021-08-02,38.9,39.9,39.9,38.6,1170000,-0.0226,1.0
2021-07-29,39.8,39.7,40.9,39.1,2430000,0.0127,1.0
2021-07-28,39.3,38.0,39.6,37.8,1970000,0.0452,1.0
2021-07-27,37.6,36.5,37.9,36.5,1110000,0.033,1.0
2021-07-26,36.4,37.1,37.4,36.2,457110,-0.0215,1.0
2021-07-25,37.2,37.0,37.9,36.9,601200,0.0136,1.0
2021-07-19,36.7,35.0,37.7,35.0,846790,0.0367,1.0
2021-07-18,35.4,36.6,36.6,35.2,635810,-0.0248,1.0
2021-07-15,36.3,36.6,36.8,36.0,558200,0.0028,1.0
2021-07-14,36.2,35.7,36.9,35.6,775530,0.0112,1.0
2021-07-13,35.8,35.6,36.5,35.0,659720,0.0085,1.0
2021-07-12,35.5,36.3,36.9,35.5,583240,-0.022,1.0
2021-07-08,36.3,37.0,37.0,35.7,947400,-0.0397,1.0
2021-07-06,37.8,39.6,39.6,37.3,1100000,-0.043,1.0
2021-07-05,39.5,40.7,41.5,39.1,1200000,-0.01,1.0
2021-07-04,39.9,39.9,39.9,36.5,1440000,0.0,1.0
2021-06-30,39.9,36.6,39.9,36.5,1440000,0.0992,1.0
2021-06-29,36.3,37.2,37.9,36.0,835560,-0.0136,1.0
2021-06-28,36.8,37.9,38.5,36.6,686100,-0.0187,1.0
2021-06-27,37.5,39.5,39.5,37.3,1330000,-0.0335,1.0
2021-06-24,38.8,37.9,39.8,37.8,1010000,0.0265,1.0
2021-06-23,37.8,40.2,40.3,37.5,1630000,-0.0455,1.0
2021-06-22,39.6,40.9,41.4,39.1,1260000,-0.0246,1.0
2021-06-21,40.6,41.5,42.1,40.5,1190000,-0.0025,1.0
2021-06-20,40.7,41.2,42.0,40.5,1360000,-0.024,1.0
2021-06-17,41.7,42.9,43.0,41.5,1600000,-0.0118,1.0
2021-06-16,42.2,42.6,43.8,41.7,2400000,-0.0117,1.0
2021-06-15,42.7,41.9,44.0,41.9,2880000,0.0543,1.0
2021-06-14,40.5,41.5,41.9,38.2,2370000,0.0025,1.0
2021-06-13,40.4,42.1,43.5,39.3,2670000,-0.0449,1.0
2021-06-10,42.3,45.1,45.5,41.3,4390000,-0.0621,1.0
2021-06-09,45.1,51.0,51.5,44.5,8230000,-0.0739,1.0
2021-06-08,48.7,46.5,48.7,45.2,3770000,0.0993,1.0
2021-06-07,44.3,45.0,46.4,41.8,4630000,0.0,1.0
2021-06-06,44.3,43.7,46.6,43.0,7130000,0.0448,1.0
2021-06-03,42.4,38.1,42.4,37.9,5460000,0.0984,1.0
2021-06-02,38.6,38.4,40.4,37.2,7520000,0.0489,1.0
2021-06-01,36.8,33.7,36.8,33.6,4910000,0.0985,1.0
2021-05-31,33.5,33.2,34.1,32.8,1960000,0.0245,1.0
2021-05-30,32.7,33.8,34.2,32.5,1930000,-0.0268,1.0
2021-05-27,33.6,34.8,34.9,33.5,2880000,-0.0289,1.0
2021-05-25,34.6,33.0,35.4,32.7,4520000,0.0613,1.0
2021-05-24,32.6,32.5,32.8,31.5,2780000,0.0187,1.0
2021-05-23,32.0,32.3,32.9,31.6,1610000,0.0,1.0
2021-05-20,32.0,33.2,33.4,31.8,1490000,-0.0332,1.0
2021-05-19,33.1,33.3,33.9,32.7,2810000,0.0153,1.0
2021-05-18,32.6,32.3,32.9,32.0,2049999,0.0219,1.0
2021-05-17,31.9,32.0,32.5,31.1,1530000,0.0159,1.0
2021-05-16,31.4,31.7,32.1,31.1,1380000,-0.0095,1.0
2021-05-12,31.7,32.5,32.8,31.4,1920000,-0.0094,1.0
2021-05-11,32.0,30.8,32.9,30.4,1440000,0.0631,1.0
2021-05-09,30.1,31.5,31.6,29.0,2430000,-0.0505,1.0
2021-05-06,31.7,32.8,33.6,31.4,2800000,-0.0335,1.0
2021-05-05,32.8,34.7,34.9,32.3,3900000,-0.0493,1.0
2021-05-04,34.5,32.6,34.9,32.2,4530000,0.0849,1.0
2021-05-03,31.8,31.7,32.4,31.0,3140000,0.0063,1.0
2021-05-02,31.6,31.3,32.7,31.3,5490000,0.026,1.0
2021-04-29,30.8,30.6,31.5,29.7,3520000,0.0165,1.0
2021-04-28,30.3,28.3,30.4,28.2,6370000,0.0939,1.0
2021-04-27,27.7,26.4,28.2,26.0,3130000,0.0573,1.0
2021-04-26,26.2,27.5,27.6,25.8,2560000,-0.0438,1.0
2021-04-25,27.4,27.5,28.4,27.0,2760000,-0.0072,1.0
2021-04-22,27.6,28.0,28.9,27.4,4260000,-0.0036,1.0
2021-04-21,27.7,26.8,27.9,26.6,3390000,0.0184,1.0
2021-04-20,27.2,27.5,28.6,26.5,4470000,0.0149,1.0
2021-04-19,26.8,25.5,27.4,25.5,3540000,0.051,1.0
2021-04-18,25.5,25.8,26.1,25.0,2990000,-0.0078,1.0
2021-04-15,25.7,26.0,26.3,24.8,4030000,0.0039,1.0
2021-04-13,25.6,23.5,25.7,23.1,3360000,0.0535,1.0
2021-04-12,24.3,22.6,24.4,22.2,3220000,0.0848,1.0
2021-04-11,22.4,21.3,23.8,21.1,1670000,0.0045,1.0
2021-04-08,22.3,21.4,22.9,19.6,1880000,0.0469,1.0
2021-04-07,21.3,19.9,21.5,19.9,1230000,0.0704,1.0
2021-04-06,19.9,18.4,19.9,18.4,842090,0.0994,1.0
2021-04-05,18.1,18.0,18.4,17.9,112120,0.0343,1.0
2021-04-04,17.5,18.0,18.5,17.2,279400,-0.0741,1.0
2021-04-01,18.9,18.0,19.1,17.9,484290,0.0216,1.0
2021-03-31,18.5,19.5,19.5,18.3,467870,-0.0513,1.0
2021-03-29,19.5,19.9,20.0,19.3,483420,-0.0102,1.0
2021-03-28,19.7,19.0,19.8,18.3,577660,0.0591,1.0
2021-03-25,18.6,18.4,19.2,18.4,345280,-0.0053,1.0
2021-03-24,18.7,19.8,19.8,18.5,403190,-0.0556,1.0
2021-03-23,19.8,18.3,19.9,17.8,879310,0.082,1.0
2021-03-22,18.3,18.4,18.4,17.5,192770,0.0281,1.0
2021-03-21,17.8,18.1,18.9,17.3,251690,-0.0111,1.0
2021-03-18,18.0,18.6,18.7,17.9,301320,-0.0476,1.0
2021-03-16,18.9,19.5,19.5,18.8,149220,-0.0105,1.0
2021-03-15,19.1,19.4,19.6,19.0,210230,0.0,1.0
2021-03-14,19.1,19.6,19.7,19.0,221730,-0.0205,1.0
2021-03-11,19.5,20.0,20.0,19.4,315800,-0.0102,1.0
2021-03-10,19.7,20.2,20.2,19.6,301280,-0.015,1.0
2021-03-09,20.0,20.5,20.7,19.9,426810,-0.0244,1.0
2021-03-08,20.5,20.6,20.8,20.3,257490,0.0,1.0
2021-03-07,20.5,21.2,21.2,20.5,320360,-0.0144,1.0
2021-03-04,20.8,20.8,21.2,20.4,564370,0.0146,1.0
2021-03-03,20.5,20.5,20.9,20.1,496470,0.0149,1.0
2021-03-02,20.2,20.5,20.6,20.1,523490,0.0,1.0
2021-03-01,20.2,20.4,20.4,20.0,326430,-0.0049,1.0
2021-02-28,20.3,20.5,21.3,20.2,463730,0.0,1.0
2021-02-25,20.3,19.5,20.9,19.4,848260,0.0518,1.0
2021-02-24,19.3,19.5,19.5,19.0,403040,0.0158,1.0
2021-02-23,19.0,19.7,19.9,18.8,511820,-0.0256,1.0
2021-02-22,19.5,20.5,20.5,19.4,253260,-0.0347,1.0
2021-02-18,20.2,20.5,21.6,20.0,736620,-0.0049,1.0
2021-02-17,20.3,18.8,20.3,18.8,1030000,0.0973,1.0
2021-02-16,18.5,19.3,19.6,18.4,424890,-0.0365,1.0
2021-02-15,19.2,18.8,19.6,18.7,270870,0.0378,1.0
2021-02-14,18.5,20.3,20.3,18.3,530190,-0.0887,1.0
2021-02-11,20.3,21.0,21.0,20.2,358520,-0.0379,1.0
2021-02-10,21.1,21.3,21.5,20.9,249700,0.0,1.0
2021-02-09,21.1,20.7,21.4,20.3,271630,0.0293,1.0
2021-02-08,20.5,21.4,21.6,20.3,340540,-0.0465,1.0
2021-02-07,21.5,22.0,22.5,21.3,524550,-0.0092,1.0
2021-02-04,21.7,21.9,21.9,21.4,227560,0.0093,1.0
2021-02-03,21.5,22.0,22.0,21.4,362550,-0.0092,1.0
2021-02-02,21.7,22.5,23.0,21.6,588470,-0.0269,1.0
2021-02-01,22.3,21.2,22.5,21.2,521360,0.0569,1.0
2021-01-31,21.1,21.6,21.8,21.0,318340,-0.0231,1.0
2021-01-28,21.6,22.0,22.3,21.4,480320,0.0093,1.0
2021-01-27,21.4,22.2,22.5,21.2,479150,-0.0273,1.0
2021-01-26,22.0,22.8,23.0,21.9,541530,-0.0308,1.0
2021-01-25,22.7,23.5,23.9,22.5,973820,-0.0216,1.0
2021-01-24,23.2,22.2,23.9,21.5,910730,0.045,1.0
2021-01-21,22.2,23.2,23.2,22.0,769200,-0.0431,1.0
2021-01-20,23.2,24.7,24.7,23.0,2110000,0.0265,1.0
2021-01-19,22.6,22.6,22.6,22.3,594790,0.0971,1.0
2021-01-18,20.6,22.0,22.0,20.5,572250,-0.0463,1.0
2021-01-17,21.6,22.4,22.4,21.3,611480,-0.0182,1.0
2021-01-14,22.0,22.7,22.8,21.5,833520,-0.0135,1.0
2021-01-13,22.3,23.0,23.2,22.2,646580,-0.0304,1.0
2021-01-12,23.0,23.4,24.4,22.9,955550,-0.0043,1.0
2021-01-11,23.1,23.3,23.4,22.1,1160000,-0.0086,1.0
2021-01-10,23.3,23.9,23.9,23.2,571760,-0.0085,1.0
2021-01-07,23.5,23.3,23.7,22.6,744370,0.0173,1.0
2021-01-06,23.1,23.4,23.8,22.5,807910,-0.0086,1.0
2021-01-05,23.3,24.5,24.8,23.0,1600000,-0.0528,1.0
2021-01-04,24.6,25.0,25.6,24.5,1610000,0.0041,1.0
2021-01-03,24.5,25.4,25.4,24.1,1960000,-0.02,1.0
2020-12-30,25.0,25.5,25.8,24.8,1420000,0.0,1.0
2020-12-29,25.0,25.1,25.6,24.7,1040000,0.0081,1.0
2020-12-28,24.8,25.2,25.5,24.7,981200,-0.008,1.0
2020-12-27,25.0,26.0,26.2,24.8,1760000,-0.0347,1.0
2020-12-24,25.9,26.8,26.9,25.7,2310000,-0.0189,1.0
2020-12-23,26.4,25.9,26.8,25.8,4710000,0.0272,1.0
2020-12-22,25.7,25.4,25.9,25.1,1500000,0.0118,1.0
2020-12-21,25.4,26.3,26.5,25.2,2630000,-0.0155,1.0
2020-12-20,25.8,25.2,25.9,25.1,1720000,0.0238,1.0
2020-12-17,25.2,25.4,25.7,25.0,1190000,0.004,1.0
2020-12-15,25.1,25.0,25.9,24.9,2390000,0.0162,1.0
2020-12-14,24.7,24.5,25.2,24.1,1090000,0.0207,1.0
2020-12-13,24.2,25.0,25.1,24.0,1310000,-0.0397,1.0
2020-12-10,25.2,24.9,25.5,24.7,1660000,0.0161,1.0
2020-12-09,24.8,25.5,25.6,24.7,1010000,-0.0198,1.0
2020-12-08,25.3,24.4,25.5,24.3,1430000,0.0455,1.0
2020-12-07,24.2,24.2,24.6,23.3,1050000,0.0041,1.0
2020-12-06,24.1,25.7,25.7,23.6,1170000,-0.0474,1.0
2020-12-03,25.3,25.4,25.8,24.9,979250,0.0,1.0
2020-12-02,25.3,25.7,26.5,25.0,1700000,0.0,1.0
2020-12-01,25.3,26.1,26.2,25.0,1670000,-0.0269,1.0
2020-11-30,26.0,25.9,27.1,25.7,3610000,0.0236,1.0
2020-11-29,25.4,24.6,25.6,24.4,2280000,0.041,1.0
2020-11-26,24.4,24.5,25.2,24.0,1890000,0.0041,1.0
2020-11-25,24.3,23.6,24.5,23.3,1730000,0.0385,1.0
2020-11-24,23.4,24.0,24.7,23.1,1660000,-0.0085,1.0
2020-11-23,23.6,22.2,23.7,21.6,1960000,0.0926,1.0
2020-11-22,21.6,22.0,22.3,21.2,883190,0.0047,1.0
2020-11-19,21.5,22.0,22.4,21.4,674230,-0.0046,1.0
2020-11-18,21.6,22.2,22.4,21.1,1130000,-0.0182,1.0
2020-11-17,22.0,22.9,23.2,21.9,1290000,-0.0179,1.0
2020-11-16,22.4,23.0,23.5,22.0,1160000,-0.0218,1.0
2020-11-15,22.9,24.8,24.9,22.7,1650000,-0.0615,1.0
2020-11-12,24.4,22.7,24.4,22.2,1680000,0.0991,1.0
2020-11-11,22.2,24.4,24.6,22.0,2130000,-0.0902,1.0
2020-11-10,24.4,24.9,25.8,24.2,1230000,-0.0081,1.0
2020-11-09,24.6,25.8,26.3,24.2,2130000,-0.0391,1.0
2020-11-08,25.6,26.9,27.2,25.4,1580000,-0.0376,1.0
2020-11-05,26.6,27.5,28.0,26.3,2120000,-0.0256,1.0
2020-11-04,27.3,26.0,27.6,25.8,2470000,0.0748,1.0
2020-11-03,25.4,26.6,26.7,24.5,2310000,-0.0268,1.0
2020-11-02,26.1,28.0,28.5,25.8,2690000,-0.0543,1.0
2020-11-01,27.6,26.8,28.9,26.2,3000000,0.0299,1.0
2020-10-29,26.8,30.5,30.9,26.8,4470000,-0.0976,1.0
2020-10-28,29.7,28.0,29.7,27.3,6890000,0.1,1.0
2020-10-27,27.0,26.3,27.4,25.3,4720000,0.0305,1.0
2020-10-25,26.2,26.4,27.5,25.2,5030000,0.0038,1.0
2020-10-22,26.1,24.8,26.8,24.8,6820000,0.0567,1.0
2020-10-21,24.7,23.6,24.9,23.4,3810000,0.0466,1.0
2020-10-20,23.6,24.0,24.7,23.3,4210000,0.0043,1.0
2020-10-19,23.5,23.8,23.9,22.6,3310000,0.0043,1.0
2020-10-18,23.4,23.1,24.8,23.0,3830000,0.0218,1.0
2020-10-15,22.9,20.9,22.9,19.5,2790000,0.0957,1.0
2020-10-14,20.9,23.2,23.7,20.9,3190000,-0.0991,1.0
2020-10-13,23.2,23.7,24.6,22.7,3670000,-0.0085,1.0
2020-10-12,23.4,26.1,26.8,23.3,4120000,-0.093,1.0
2020-10-11,25.8,23.6,25.8,23.5,8250000,0.0979,1.0
2020-10-08,23.5,23.5,24.0,23.1,2680000,0.0086,1.0
2020-10-07,23.3,23.4,24.4,22.8,2970000,-0.0043,1.0
2020-10-06,23.4,23.3,25.0,23.0,6720000,0.013,1.0
2020-10-05,23.1,23.0,23.9,22.8,4840000,0.0132,1.0
2020-10-04,22.8,21.2,23.0,20.8,3230000,0.0857,1.0
2020-10-01,21.0,21.7,22.4,20.7,2850000,-0.0323,1.0
2020-09-30,21.7,22.8,23.2,21.2,2700000,-0.0398,1.0
2020-09-29,22.6,21.6,22.9,21.1,2740000,0.0561,1.0
2020-09-28,21.4,23.0,23.2,20.8,3230000,-0.0655,1.0
2020-09-27,22.9,23.9,25.0,22.0,5610000,-0.0255,1.0
2020-09-24,23.5,22.8,24.0,21.1,5010000,0.0538,1.0
2020-09-23,22.3,20.7,22.4,20.5,6500000,0.0931,1.0
2020-09-22,20.4,19.1,20.7,18.4,4720000,0.0681,1.0
2020-09-21,19.1,18.5,20.0,17.7,7150000,0.0495,1.0
2020-09-20,18.2,16.9,18.2,16.9,6220000,0.0964,1.0
2020-09-17,16.6,16.4,16.8,16.0,1990000,0.0122,1.0
2020-09-16,16.4,16.8,17.4,16.2,2530000,-0.0061,1.0
2020-09-15,16.5,16.0,16.7,15.6,2069999,0.0313,1.0
2020-09-14,16.0,15.0,16.3,15.0,2480000,0.0667,1.0
2020-09-13,15.0,15.2,15.5,14.9,942450,-0.0066,1.0
2020-09-10,15.1,15.5,15.5,14.8,748050,-0.0066,1.0
2020-09-09,15.2,14.7,15.5,14.5,1300000,0.034,1.0
2020-09-08,14.7,14.6,14.8,14.5,832520,0.0068,1.0
2020-09-07,14.6,14.6,14.7,14.4,325310,0.0139,1.0
2020-09-06,14.4,14.7,14.9,14.2,771430,-0.0204,1.0
2020-09-03,14.7,15.3,15.4,14.6,888220,-0.0329,1.0
2020-09-02,15.2,15.3,15.5,15.0,842810,0.0066,1.0
2020-09-01,15.1,14.8,15.2,14.8,629490,0.0203,1.0
2020-08-31,14.8,15.4,15.5,14.7,1390000,-0.0692,1.0
2020-08-26,15.9,15.7,16.1,15.1,1770000,0.0325,1.0
2020-08-25,15.4,16.0,16.0,15.0,1200000,-0.0314,1.0
2020-08-24,15.9,16.5,16.7,15.8,1240000,-0.0305,1.0
2020-08-23,16.4,16.2,17.0,15.9,1340000,0.0314,1.0
2020-08-20,15.9,16.4,16.4,15.6,1960000,-0.0245,1.0
2020-08-19,16.3,17.3,17.5,16.0,2290000,-0.0355,1.0
2020-08-18,16.9,17.2,17.4,16.6,1800000,0.006,1.0
2020-08-17,16.8,18.0,18.3,16.6,3420000,-0.0615,1.0
2020-08-16,17.9,17.2,18.3,17.1,4300000,0.0719,1.0
2020-08-13,16.7,15.3,16.7,15.3,4480000,0.0987,1.0
2020-08-12,15.2,122.1,15.6,15.0,1580000,0.0066,1.0
2020-08-10,15.1,16.1,16.3,15.0,2270000,-0.0562,1.0
2020-08-09,16.0,16.1,16.8,15.5,3030000,-0.0062,1.0
2020-08-06,16.1,15.5,16.9,15.5,4630000,0.0455,1.0
2020-08-05,15.4,14.5,15.5,14.5,3840000,0.0621,1.0
2020-08-04,14.5,14.9,14.9,14.1,1810000,-0.0268,1.0
2020-08-03,14.9,14.8,15.1,14.7,2160000,0.0136,1.0
2020-07-30,14.7,14.0,15.0,13.9,2960000,0.05,1.0
2020-07-29,14.0,12.8,14.0,12.8,2530000,0.0937,1.0
2020-07-28,12.8,12.0,12.9,12.0,1740000,0.0667,1.0
2020-07-27,12.0,11.5,12.1,11.5,698280,0.0435,1.0
2020-07-26,11.5,11.7,11.8,11.4,683010,-0.0171,1.0
2020-07-23,11.7,11.8,12.1,11.6,654600,-0.0085,1.0
2020-07-22,11.8,11.9,12.0,11.7,607140,-0.0248,1.0
2020-07-21,12.1,12.1,12.3,11.8,734550,0.0,1.0
2020-07-20,12.1,11.2,12.2,11.1,1160000,0.0804,1.0
2020-07-19,11.2,11.2,11.3,11.0,245540,0.0,1.0
2020-07-16,11.2,11.3,11.5,11.1,372910,-0.0088,1.0
2020-07-15,11.3,11.3,11.6,11.2,468170,0.0089,1.0
2020-07-14,11.2,11.0,11.3,10.9,214520,0.0275,1.0
2020-07-13,10.9,11.2,11.2,10.8,350740,-0.0091,1.0
2020-07-12,11.0,11.3,11.4,11.0,269790,-0.0265,1.0
2020-07-09,11.3,11.5,11.6,11.2,295730,-0.0174,1.0
2020-07-08,11.5,10.6,11.6,10.6,783140,0.0849,1.0
2020-07-07,10.6,10.7,10.9,10.5,172190,-0.0093,1.0
2020-07-06,10.7,10.4,11.1,10.4,527520,0.0288,1.0
2020-07-05,10.4,10.2,10.5,10.2,238460,0.0196,1.0
2020-07-02,10.2,10.2,10.2,10.2,20,0.0,0.0
2020-06-30,10.2,10.2,10.2,10.2,0,0.0,0.0
2020-06-28,10.2,10.2,10.2,10.2,27570,0.0,0.0
2020-06-24,10.2,10.2,10.2,10.2,1500,0.0,0.0
2020-06-23,10.2,10.2,10.2,10.2,16830,0.0,0.0
2020-06-22,10.2,10.2,10.3,10.2,126020,0.0,1.0
2020-06-21,10.2,10.2,10.3,10.2,986780,0.0,1.0
2020-06-18,10.2,10.2,10.2,10.2,250,0.0,0.0
2020-06-17,10.2,10.2,10.2,10.2,1140,0.0,0.0
2020-06-15,10.2,10.2,10.2,10.2,800,0.0,0.0
2020-06-10,10.2,10.2,10.2,10.2,3260,0.0,0.0
2020-06-08,10.2,10.2,10.2,10.2,140,0.0,0.0
2020-06-07,10.2,10.2,10.2,10.2,700,0.0,0.0
2020-06-04,10.2,10.2,10.2,10.2,700,0.0,0.0
2020-06-03,10.2,10.2,10.2,10.2,3000,0.0,0.0
2020-06-02,10.2,10.2,10.2,10.2,1000,0.0,0.0
2020-06-01,10.2,10.2,10.2,10.2,240,0.0,0.0
2020-05-31,10.2,10.2,10.2,10.2,46500,0.0,1.0
2020-03-29,10.2,10.2,10.2,10.2,16490,0.0,0.0
2020-03-25,10.2,10.2,10.2,10.2,16490,0.0,0.0
2020-03-24,10.2,10.2,10.2,10.2,24400,0.0,0.0
2020-03-23,10.2,10.2,10.2,10.2,21990,0.0,0.0
2020-03-22,10.2,10.2,10.2,10.2,50650,0.02,1.0
2020-03-19,10.0,10.0,10.0,10.0,21940,0.1111,0.0
2020-03-18,9.0,10.0,10.3,8.9,723700,-0.0722,1.0
2020-03-16,9.7,10.2,10.3,9.5,333730,-0.03,1.0
2020-03-15,10.0,10.7,10.7,9.7,400990,-0.0654,1.0
2020-03-12,10.7,11.3,11.3,10.5,155120,-0.0614,1.0
2020-03-11,11.4,11.5,11.6,11.3,132130,0.0179,1.0
2020-03-10,11.2,10.7,11.3,10.6,269760,0.0566,1.0
2020-03-09,10.6,11.7,11.7,10.6,454290,-0.094,1.0
2020-03-08,11.7,12.1,12.1,11.6,189660,-0.0331,1.0
2020-03-05,12.1,12.3,12.3,12.0,226910,-0.0163,1.0
2020-03-04,12.3,12.6,12.7,12.2,391780,-0.0238,1.0
2020-03-03,12.6,12.5,12.8,12.3,294890,0.0244,1.0
2020-03-02,12.3,12.0,12.5,12.0,175250,0.025,1.0
2020-03-01,12.0,12.8,12.8,11.8,376650,-0.0625,1.0
2020-02-27,12.8,12.9,13.0,12.6,207480,0.0,1.0
2020-02-26,12.8,13.0,13.1,12.8,296930,-0.0078,1.0
2020-02-25,12.9,12.7,12.9,12.7,160220,0.0157,1.0
2020-02-24,12.7,12.6,13.1,12.6,178570,-0.0155,1.0
2020-02-23,12.9,13.4,13.4,12.8,429540,-0.0373,1.0
2020-02-20,13.4,13.9,13.9,13.4,307290,-0.0147,1.0
2020-02-19,13.6,13.9,13.9,13.5,464490,-0.0145,1.0
2020-02-18,13.8,14.2,14.4,13.6,836810,-0.0282,1.0
2020-02-17,14.2,13.8,14.3,13.7,1190000,0.029,1.0
2020-02-16,13.8,13.6,13.9,13.6,828720,0.0222,1.0
2020-02-13,13.5,13.4,13.6,13.2,391100,0.015,1.0
2020-02-12,13.3,13.5,13.6,13.3,331650,-0.0075,1.0
2020-02-11,13.4,13.6,13.8,13.3,509180,0.0,1.0
2020-02-10,13.4,13.3,13.6,13.3,320000,0.0075,1.0
2020-02-09,13.3,13.5,13.6,13.2,200370,-0.0075,1.0
2020-02-06,13.4,13.5,13.7,13.3,246400,-0.0074,1.0
2020-02-05,13.5,13.5,13.8,13.4,301040,0.0,1.0
2020-02-04,13.5,13.8,13.8,13.4,259860,-0.0146,1.0
2020-02-03,13.7,14.0,14.2,13.6,395770,-0.0214,1.0
2020-02-02,14.0,13.5,14.1,13.4,582540,0.0448,1.0
2020-01-30,13.4,13.7,13.7,13.3,276530,-0.0147,1.0
2020-01-29,13.6,13.8,13.8,13.6,205880,-0.0073,1.0
2020-01-28,13.7,13.7,13.8,13.4,293020,0.0074,1.0
2020-01-27,13.6,13.8,13.8,13.4,338510,-0.0145,1.0
2020-01-26,13.8,13.8,14.1,13.6,383730,0.0,1.0
2020-01-23,13.8,13.2,13.9,13.2,619190,0.0455,1.0
2020-01-22,13.2,13.1,13.3,13.0,185180,0.0154,1.0
2020-01-21,13.0,13.4,13.4,13.0,383550,-0.0299,1.0
2020-01-20,13.4,13.6,13.9,13.3,360360,-0.0074,1.0
2020-01-19,13.5,13.0,13.6,12.8,449860,0.0887,1.0
2020-01-16,12.4,12.0,12.6,11.8,252790,0.0333,1.0
2020-01-15,12.0,12.3,12.4,11.9,146740,0.0169,1.0
2020-01-14,11.8,12.5,12.7,11.3,438250,-0.056,1.0
2020-01-13,12.5,13.2,13.2,12.4,279190,-0.0385,1.0
2020-01-12,13.0,13.2,13.4,13.0,235670,0.0,1.0
2020-01-09,13.0,13.5,13.5,12.8,265880,-0.0226,1.0
2020-01-08,13.3,13.8,13.8,13.2,238910,-0.0148,1.0
2020-01-07,13.5,13.8,13.9,13.5,199170,-0.0074,1.0
2020-01-06,13.6,13.9,14.0,13.5,340460,-0.0145,1.0
2020-01-05,13.8,14.1,14.2,13.8,325260,-0.0213,1.0
2020-01-02,14.1,14.2,14.4,14.0,357060,-0.007,1.0
2020-01-01,14.2,14.3,14.4,14.1,342500,0.0071,1.0
2019-12-30,14.1,14.3,14.3,14.0,350540,0.0,1.0
2019-12-29,14.1,14.3,14.3,14.0,236940,-0.007,1.0
2019-12-26,14.2,14.1,14.3,14.0,270770,0.0216,1.0
2019-12-24,13.9,14.2,14.2,13.9,611480,-0.0142,1.0
2019-12-23,14.1,14.4,14.4,14.0,322500,-0.014,1.0
2019-12-22,14.3,14.5,14.6,14.1,410000,-0.0138,1.0
2019-12-19,14.5,14.5,14.8,14.4,600240,0.0069,1.0
2019-12-18,14.4,14.2,14.5,13.9,541170,0.0213,1.0
2019-12-17,14.1,14.5,14.5,14.0,853740,-0.0276,1.0
2019-12-15,14.5,14.6,14.9,14.4,452740,0.0,1.0
2019-12-12,14.5,14.4,14.6,14.3,565720,0.014,1.0
2019-12-11,14.3,14.0,14.4,14.0,636680,0.0214,1.0
2019-12-10,14.0,14.6,14.6,13.9,710190,-0.0278,1.0
2019-12-09,14.4,14.4,14.6,14.2,687760,0.0,1.0
2019-12-08,14.4,15.0,15.1,14.3,1030000,-0.0336,1.0
2019-12-05,14.9,15.2,15.5,14.7,2080000,-0.0132,1.0
2019-12-04,15.1,15.2,15.4,14.9,1990000,0.0067,1.0
2019-12-03,15.0,14.9,15.3,14.7,1740000,0.0135,1.0
2019-12-02,14.8,14.7,14.9,14.4,1130000,0.0207,1.0
2019-12-01,14.5,14.6,14.9,14.4,680650,0.0,1.0
2019-11-28,14.5,14.5,14.7,14.4,989810,0.0,1.0
2019-11-27,14.5,14.7,14.9,14.3,1040000,-0.0068,1.0
2019-11-26,14.6,15.1,15.2,14.6,1760000,-0.0331,1.0
2019-11-25,15.1,15.2,15.4,15.0,2049999,-0.0066,1.0
2019-11-24,15.2,15.4,15.6,15.1,1810000,-0.0065,1.0
2019-11-21,15.3,14.7,15.5,14.6,5160000,0.0479,1.0
2019-11-20,14.6,14.4,14.7,14.3,1270000,0.0139,1.0
2019-11-19,14.4,14.8,14.9,14.4,1320000,-0.0204,1.0
2019-11-18,14.7,14.3,14.8,14.2,2670000,0.028,1.0
2019-11-17,14.3,14.5,14.7,14.2,1010000,-0.0069,1.0
2019-11-14,14.4,14.3,14.6,14.1,1040000,0.0,1.0
2019-11-13,14.4,14.5,14.9,14.2,2320000,0.0,1.0
2019-11-12,14.4,14.1,14.5,14.0,1310000,0.0286,1.0
2019-11-11,14.0,14.0,14.2,13.9,249560,0.0,1.0
2019-11-07,14.0,13.9,14.2,13.9,571470,0.0072,1.0
2019-11-06,13.9,14.0,14.1,13.8,551050,-0.0071,1.0
2019-11-05,14.0,14.0,14.2,13.9,419250,0.0072,1.0
2019-11-04,13.9,14.2,14.2,13.9,513980,-0.0071,1.0
2019-11-03,14.0,14.0,14.2,13.9,314520,0.0,1.0
2019-10-31,14.0,14.1,14.2,13.9,581350,-0.0071,1.0
2019-10-30,14.1,14.1,14.2,14.0,773760,0.0,1.0
2019-10-29,14.1,14.2,14.3,14.0,470870,-0.007,1.0
2019-10-28,14.2,14.5,14.5,14.0,1100000,-0.0139,1.0
2019-10-27,14.4,14.1,14.5,14.1,648180,0.0141,1.0
2019-10-24,14.2,14.4,14.4,14.2,416530,0.0,1.0
2019-10-23,14.2,14.2,14.5,14.1,861530,0.0,1.0
2019-10-22,14.2,14.3,14.5,14.1,697140,-0.0207,1.0
2019-10-21,14.5,14.7,14.9,14.3,987180,-0.0136,1.0
2019-10-20,14.7,14.9,15.1,14.6,1130000,-0.0134,1.0
2019-10-17,14.9,14.4,15.2,14.4,2069999,0.0347,1.0
2019-10-16,14.4,14.6,14.6,14.1,1220000,-0.0137,1.0
2019-10-15,14.6,14.2,14.7,14.1,1160000,0.0429,1.0
2019-10-14,14.0,14.1,14.2,13.8,1050000,0.0072,1.0
2019-10-13,13.9,14.1,14.2,13.8,489820,-0.0071,1.0
2019-10-10,14.0,14.0,14.2,13.9,535860,0.0,1.0
2019-10-09,14.0,14.0,14.3,13.9,576480,0.0,1.0
2019-10-07,14.0,14.1,14.2,13.9,471440,0.0,1.0
2019-10-06,14.0,14.6,14.7,13.8,875110,-0.021,1.0
2019-10-03,14.3,14.3,14.6,14.1,1400000,0.0,1.0
2019-10-02,14.3,14.3,14.5,14.2,1080000,0.0142,1.0
2019-10-01,14.1,14.3,14.5,14.0,1240000,-0.007,1.0
2019-09-30,14.2,14.9,14.9,13.9,1780000,-0.0274,1.0
2019-09-29,14.6,15.3,15.4,14.3,1920000,-0.0395,1.0
2019-09-26,15.2,15.2,15.4,14.9,1870000,0.0,1.0
2019-09-25,15.2,14.7,15.6,14.7,2970000,0.0201,1.0
2019-09-24,14.9,15.3,15.3,14.7,1950000,-0.0067,1.0
2019-09-23,15.0,14.1,15.2,14.1,2250000,0.0638,1.0
2019-09-22,14.1,14.0,14.3,13.6,1300000,0.0071,1.0
2019-09-19,14.0,14.1,14.4,13.6,1960000,-0.0141,1.0
2019-09-18,14.2,13.4,14.5,13.3,2460000,0.0677,1.0
2019-09-17,13.3,13.1,13.7,13.0,1430000,0.0153,1.0
2019-09-16,13.1,13.3,13.7,13.0,2280000,0.0077,1.0
2019-09-15,13.0,12.0,12.9,11.8,1400000,0.0924,1.0
2019-09-12,11.9,11.6,12.0,11.4,1240000,0.0348,1.0
2019-09-11,11.5,12.3,12.3,11.3,1180000,-0.0574,1.0
2019-09-09,12.2,12.7,12.7,12.1,728510,-0.0317,1.0
2019-09-08,12.6,13.2,13.3,12.3,866560,-0.0308,1.0
2019-09-05,13.0,13.0,13.4,12.9,753430,0.0078,1.0
2019-09-04,12.9,12.8,13.1,12.7,399200,0.0078,1.0
2019-09-03,12.8,13.0,13.1,12.7,477020,-0.0078,1.0
2019-09-02,12.9,12.8,13.2,12.7,578510,0.0078,1.0
2019-09-01,12.8,13.2,13.2,12.7,957790,-0.0229,1.0
2019-08-29,13.1,13.3,13.4,13.0,558720,0.0,1.0
2019-08-28,13.1,13.2,13.8,12.8,3360000,-0.0076,1.0
2019-08-27,13.2,13.5,13.6,13.1,884920,-0.0149,1.0
2019-08-26,13.4,14.3,14.3,13.2,1640000,-0.0429,1.0
2019-08-25,14.0,14.1,14.5,13.8,1190000,-0.0071,1.0
2019-08-22,14.1,14.2,14.3,13.9,743530,-0.007,1.0
2019-08-21,14.2,14.4,14.7,14.1,797830,-0.007,1.0
2019-08-20,14.3,14.4,14.5,14.1,858910,-0.0069,1.0
2019-08-19,14.4,14.8,14.9,14.0,1810000,-0.0204,1.0
2019-08-18,14.7,14.0,14.7,14.0,1200000,0.05,1.0
2019-08-08,14.0,13.6,14.1,13.6,1080000,0.037,1.0
2019-08-07,13.5,14.0,14.0,13.2,679000,-0.0146,1.0
2019-08-06,13.7,14.0,14.0,13.7,587840,-0.0072,1.0
2019-08-05,13.8,13.9,14.3,13.7,794510,-0.0072,1.0
2019-08-04,13.9,13.6,14.3,13.6,923820,0.0221,1.0
2019-08-01,13.6,14.1,14.1,13.4,1080000,-0.0145,1.0
2019-07-31,13.8,14.1,14.5,13.6,1360000,-0.0417,1.0
2019-07-30,14.4,14.8,14.8,14.2,1070000,-0.027,1.0
2019-07-29,14.8,14.6,14.9,14.3,1090000,0.0207,1.0
2019-07-28,14.5,15.4,15.6,14.3,3690000,-0.0584,1.0
2019-07-25,15.4,15.9,15.9,15.2,2009999,-0.0253,1.0
2019-07-24,15.8,15.6,15.9,15.3,1900000,0.0194,1.0
2019-07-23,15.5,15.7,15.9,15.2,2800000,0.0,1.0
2019-07-22,15.5,16.0,16.5,15.0,5950000,-0.0432,1.0
2019-07-21,16.2,15.5,16.6,15.5,6120000,0.0318,1.0
2019-07-18,15.7,15.4,16.1,15.0,6270000,0.0397,1.0
2019-07-17,15.1,15.0,15.6,14.9,3890000,0.0134,1.0
2019-07-16,14.9,15.7,15.7,14.6,2890000,-0.0449,1.0
2019-07-15,15.6,15.9,15.9,15.2,3330000,-0.0189,1.0
2019-07-14,15.9,15.8,16.4,15.5,4420000,0.0325,1.0
2019-07-11,15.4,14.2,15.5,14.0,7110000,0.0922,1.0
2019-07-10,14.1,14.0,14.4,13.7,1420000,0.0,1.0
2019-07-09,14.1,14.0,14.5,13.9,2180000,0.0071,1.0
2019-07-08,14.0,13.7,14.1,13.4,1490000,0.0294,1.0
2019-07-07,13.6,14.0,14.0,13.4,1310000,-0.0286,1.0
2019-07-04,14.0,14.2,14.4,13.8,1240000,-0.0071,1.0
2019-07-03,14.1,13.3,14.4,13.3,1730000,0.0522,1.0
2019-07-02,13.4,13.1,13.7,13.1,1150000,0.0075,1.0
2019-06-30,13.3,14.2,14.2,13.2,1370000,-0.0567,1.0
2019-06-27,14.1,14.4,14.7,14.0,1060000,-0.007,1.0
2019-06-26,14.2,14.2,14.4,14.0,883630,0.0071,1.0
2019-06-25,14.1,14.8,14.9,14.0,1120000,-0.0276,1.0
2019-06-24,14.5,14.9,15.1,14.4,1810000,-0.0136,1.0
2019-06-23,14.7,14.3,14.9,14.0,1480000,0.0352,1.0
2019-06-20,14.2,14.8,14.9,14.1,1510000,-0.047,1.0
2019-06-19,14.9,15.1,15.5,14.4,3350000,-0.0197,1.0
2019-06-18,15.2,15.2,15.7,15.0,5140000,0.0,1.0
2019-06-17,15.2,14.1,15.3,13.9,4120000,0.078,1.0
2019-06-16,14.1,15.0,15.2,13.6,2790000,-0.06,1.0
2019-06-13,15.0,15.0,15.4,14.5,3960000,0.0135,1.0
2019-06-12,14.8,14.1,15.0,13.6,3390000,0.0647,1.0
2019-06-11,13.9,13.4,14.2,13.3,2780000,0.053,1.0
2019-06-10,13.2,13.1,13.5,12.4,1720000,0.0076,1.0
2019-06-09,13.1,12.9,13.5,12.9,2320000,0.0234,1.0
2019-05-30,12.8,12.6,12.9,12.5,2390000,0.0407,1.0
2019-05-29,12.3,11.9,12.7,11.7,1670000,0.0513,1.0
2019-05-28,11.7,11.7,11.9,11.3,1640000,0.0,1.0
2019-05-27,11.7,12.0,12.4,11.5,1480000,0.0,1.0
2019-05-26,11.7,11.2,11.7,11.1,3330000,0.0935,1.0
2019-05-23,10.7,10.2,10.7,10.2,1060000,0.0907,1.0
2019-05-21,9.81,9.62,10.0,9.62,561010,0.0,1.0
2019-05-20,9.81,10.0,10.0,9.71,298400,-0.0373,1.0
2019-05-19,10.19,9.71,10.29,9.71,1240000,0.0704,1.0
2019-05-16,9.52,9.52,9.62,9.33,366330,0.0095,1.0
2019-05-15,9.43,9.52,9.62,9.33,209970,0.0,1.0
2019-05-14,9.43,9.71,9.71,9.43,229610,-0.0095,1.0
2019-05-13,9.52,9.81,9.81,9.43,344490,-0.0104,1.0
2019-05-12,9.62,9.81,9.9,9.62,221190,-0.0569,1.0
2019-05-09,10.2,10.3,10.3,10.1,231290,0.0099,1.0
2019-05-08,10.1,10.2,10.4,10.0,118490,0.0,1.0
2019-05-07,10.1,10.5,10.5,10.0,363180,-0.0098,1.0
2019-05-06,10.2,10.8,10.8,10.2,459090,-0.0556,1.0
2019-05-05,10.8,10.4,10.9,10.4,574130,0.0485,1.0
2019-05-02,10.3,10.0,10.5,9.9,467380,0.051,1.0
2019-04-30,9.8,10.1,10.1,9.7,406010,-0.0101,1.0
2019-04-29,9.9,10.1,10.3,9.8,300300,-0.01,1.0
2019-04-28,10.0,10.1,10.2,9.9,470540,-0.0196,1.0
2019-04-25,10.2,10.6,10.6,10.1,369910,-0.0192,1.0
2019-04-24,10.4,10.5,10.8,10.2,384730,-0.0189,1.0
2019-04-23,10.6,10.8,11.0,10.5,410050,-0.0185,1.0
2019-04-21,10.8,11.1,11.1,10.7,521539,-0.027,1.0
2019-04-18,11.1,11.4,11.5,11.0,683480,-0.0089,1.0
2019-04-17,11.2,10.8,11.3,10.5,1020000,0.037,1.0
2019-04-16,10.8,10.8,10.9,10.6,205850,0.0,1.0
2019-04-15,10.8,11.1,11.3,10.7,358860,-0.027,1.0
2019-04-11,11.1,11.2,11.3,10.9,459490,0.0183,1.0
2019-04-10,10.9,10.8,11.2,10.8,564930,0.0093,1.0
2019-04-09,10.8,10.7,11.4,10.5,465140,0.0,1.0
2019-04-08,10.8,11.4,11.4,10.5,549930,-0.0357,1.0
2019-04-07,11.2,12.0,12.2,11.0,857620,-0.0667,1.0
2019-04-04,12.0,11.5,12.1,11.2,861630,0.0435,1.0
2019-04-03,11.5,12.1,12.1,11.4,1180000,-0.0496,1.0
2019-04-02,12.1,11.6,12.4,11.4,2310000,0.0708,1.0
2019-04-01,11.3,10.4,11.3,10.3,1850000,0.0971,1.0
2019-03-31,10.3,10.2,10.4,10.1,277470,0.0098,1.0
2019-03-28,10.2,10.1,10.5,10.1,433510,0.0303,1.0
2019-03-27,9.9,10.3,10.3,9.9,275830,-0.0198,1.0
2019-03-25,10.1,10.4,10.4,10.0,257839,-0.0098,1.0
2019-03-24,10.2,10.6,10.6,10.2,188250,-0.0377,1.0
2019-03-21,10.6,10.3,10.7,10.1,515280,0.0291,1.0
2019-03-20,10.3,10.6,10.8,10.2,317600,-0.0463,1.0
2019-03-19,10.8,10.2,10.9,10.0,642380,0.0693,1.0
2019-03-18,10.1,10.4,10.4,10.0,344500,-0.0288,1.0
2019-03-14,10.4,11.1,11.3,10.2,627800,-0.0459,1.0
2019-03-13,10.9,11.5,11.7,10.7,641420,-0.0603,1.0
2019-03-12,11.6,12.0,12.2,11.5,393070,-0.0492,1.0
2019-03-11,12.2,12.4,12.5,12.1,202220,-0.0161,1.0
2019-03-10,12.4,12.4,12.8,12.3,333460,0.0,1.0
2019-03-07,12.4,12.4,12.6,12.2,440040,0.0164,1.0
2019-03-06,12.2,12.5,12.6,12.1,447200,-0.0081,1.0
2019-03-05,12.3,13.0,13.0,12.2,586000,-0.0538,1.0
2019-03-04,13.0,12.8,13.5,12.8,499850,0.0156,1.0
2019-03-03,12.8,13.5,13.6,12.7,734360,-0.0519,1.0
2019-02-27,13.5,13.8,14.0,13.4,682490,-0.0146,1.0
2019-02-26,13.7,13.8,14.1,13.6,1110000,0.0148,1.0
2019-02-25,13.5,13.9,14.0,13.4,413860,-0.0146,1.0
2019-02-24,13.7,13.8,14.0,13.5,512640,-0.0072,1.0
2019-02-20,13.8,14.1,14.3,13.7,516280,-0.0143,1.0
2019-02-19,14.0,14.0,14.4,13.9,535180,0.0072,1.0
2019-02-18,13.9,14.3,14.5,13.8,859570,-0.0347,1.0
2019-02-17,14.4,15.0,15.1,14.2,1090000,-0.0464,1.0
2019-02-14,15.1,14.2,15.4,14.2,2440000,0.0786,1.0
2019-02-13,14.0,13.7,14.3,13.2,1290000,0.0219,1.0
2019-02-12,13.7,14.1,14.5,13.6,1380000,-0.0072,1.0
2019-02-11,13.8,12.7,13.8,12.7,1620000,0.0952,1.0
2019-02-10,12.6,14.0,14.1,12.6,1500000,-0.0935,1.0
2019-02-07,13.9,15.3,15.5,13.7,1760000,-0.0671,1.0
2019-02-06,14.9,15.0,15.6,14.9,1290000,0.0136,1.0
2019-02-05,14.7,15.5,15.5,14.4,1940000,-0.0392,1.0
2019-02-04,15.3,16.7,17.1,15.0,3040000,-0.0727,1.0
2019-02-03,16.5,16.0,16.9,15.9,3990000,0.0377,1.0
2019-01-31,15.9,16.2,16.5,15.7,2360000,-0.0124,1.0
2019-01-30,16.1,16.3,16.8,15.9,3410000,0.0,1.0
2019-01-29,16.1,15.4,16.6,15.2,3950000,0.0592,1.0
2019-01-28,15.2,16.6,16.6,15.0,3750000,-0.0732,1.0
2019-01-27,16.4,15.1,16.5,15.1,7380000,0.0933,1.0
2019-01-24,15.0,14.0,15.1,14.0,4800000,0.087,1.0
2019-01-23,13.8,13.6,14.5,13.6,2340000,0.0147,1.0
2019-01-22,13.6,14.3,14.5,13.4,1850000,-0.049,1.0
2019-01-21,14.3,14.2,14.8,14.0,1910000,0.007,1.0
2019-01-20,14.2,15.2,15.4,13.9,2600000,-0.0658,1.0
2019-01-17,15.2,14.2,15.4,14.0,4790000,0.0857,1.0
2019-01-16,14.0,14.0,14.5,13.7,3080000,0.0072,1.0
2019-01-15,13.9,13.2,14.0,13.1,3370000,0.0611,1.0
2019-01-14,13.1,12.8,13.6,12.3,3320000,0.0565,1.0
2019-01-13,12.4,11.7,12.7,11.6,2160000,0.069,1.0
2019-01-10,11.6,11.0,11.7,11.0,1180000,0.0642,1.0
2019-01-09,10.9,11.2,11.4,10.8,708570,-0.0268,1.0
2019-01-08,11.2,10.5,11.3,10.4,1280000,0.0874,1.0
2019-01-07,10.3,10.9,10.9,10.2,621640,-0.055,1.0
2019-01-06,10.9,10.5,11.1,10.1,897170,0.0381,1.0
2019-01-03,10.5,9.9,10.6,9.8,1300000,0.0825,1.0
2019-01-02,9.7,9.8,9.8,9.6,261899,0.0,1.0
2019-01-01,9.7,9.8,9.8,9.7,118040,0.0,1.0
2018-12-27,9.7,9.7,9.8,9.6,244760,0.0104,1.0
2018-12-26,9.6,9.7,9.7,9.5,155920,0.0,1.0
2018-12-24,9.6,9.5,9.7,9.4,269040,0.0105,1.0
2018-12-23,9.5,9.9,9.9,9.4,263740,-0.0206,1.0
2018-12-20,9.7,9.8,10.4,9.6,839320,0.0,1.0
2018-12-19,9.7,9.3,9.8,9.3,475860,0.0543,1.0
2018-12-18,9.2,9.5,9.5,9.1,229960,-0.0316,1.0
2018-12-17,9.5,9.6,9.9,9.3,395380,0.0,1.0
2018-12-13,9.5,9.2,9.7,9.1,767410,0.044,1.0
2018-12-12,9.1,8.9,9.3,8.9,180910,0.0225,1.0
2018-12-11,8.9,8.8,9.0,8.7,145500,0.0114,1.0
2018-12-10,8.8,8.9,9.0,8.7,116230,-0.0112,1.0
2018-12-09,8.9,9.0,9.2,8.9,119080,-0.022,1.0
2018-12-06,9.1,9.2,9.2,9.0,150590,-0.0109,1.0
2018-12-05,9.2,9.0,9.4,9.0,478420,0.0337,1.0
2018-12-04,8.9,8.8,9.0,8.8,81100,0.0,1.0
2018-12-03,8.9,8.8,8.9,8.7,47620,0.0114,1.0
2018-12-02,8.8,8.7,8.9,8.6,60900,0.0233,1.0
2018-11-29,8.6,8.8,8.8,8.6,64959,-0.0115,1.0
2018-11-28,8.7,8.6,8.8,8.6,92490,0.0116,1.0
2018-11-27,8.6,8.6,8.7,8.5,109080,0.0,1.0
2018-11-26,8.6,8.8,8.9,8.6,69580,-0.0115,1.0
2018-11-25,8.7,8.7,8.8,8.6,36080,0.0,1.0
2018-11-22,8.7,8.8,8.8,8.6,118950,-0.0114,1.0
2018-11-20,8.8,8.7,8.9,8.7,161540,0.0115,1.0
2018-11-19,8.7,8.7,8.8,8.7,24100,0.0,0.0
2018-11-18,8.7,8.8,8.8,8.7,129530,0.0,1.0
2018-11-15,8.7,8.8,8.9,8.7,64680,-0.0114,1.0
2018-11-14,8.8,8.8,8.9,8.8,31820,0.0,1.0
2018-11-13,8.8,8.8,8.8,8.7,22780,0.0,0.0
2018-11-12,8.8,9.0,9.0,8.7,48470,-0.0112,1.0
2018-11-11,8.9,9.0,9.0,8.8,112760,0.0114,1.0
2018-11-08,8.8,8.8,8.9,8.8,65120,0.0,1.0
2018-11-07,8.8,8.8,8.9,8.7,183440,0.0,1.0
2018-11-06,8.8,8.9,9.0,8.8,87900,-0.0112,1.0
2018-11-05,8.9,9.0,9.1,8.9,87040,-0.0111,1.0
2018-11-04,9.0,9.0,9.1,8.9,111390,-0.011,1.0
2018-11-01,9.1,9.0,9.3,8.9,220590,0.0,1.0
2018-10-31,9.1,9.2,9.3,9.0,135560,-0.0109,1.0
2018-10-30,9.2,9.0,9.3,9.0,133460,0.0337,1.0
2018-10-29,8.9,8.8,9.0,8.7,90050,0.0,1.0
2018-10-28,8.9,9.0,9.0,8.8,38870,-0.0111,1.0
2018-10-25,9.0,9.0,9.1,9.0,15930,-0.011,0.0
2018-10-24,9.1,9.1,9.2,9.0,63830,0.0,1.0
2018-10-23,9.1,9.1,9.2,9.0,41140,0.0111,1.0
2018-10-22,9.0,9.1,9.1,9.0,36080,0.0,1.0
2018-10-21,9.0,9.1,9.3,9.0,81940,-0.0323,1.0
2018-10-18,9.3,9.2,9.4,9.1,99950,0.022,1.0
2018-10-17,9.1,9.2,9.4,9.0,159360,0.0111,1.0
2018-10-16,9.0,9.3,9.3,9.0,169270,-0.0323,1.0
2018-10-15,9.3,9.4,9.4,9.3,20610,-0.0106,0.0
2018-10-14,9.4,9.3,9.5,9.3,22470,0.0108,0.0
2018-10-11,9.3,9.3,9.4,9.2,151580,0.0,1.0
2018-10-10,9.3,9.4,9.5,9.3,139640,0.0,1.0
2018-10-09,9.3,9.5,9.5,9.3,163720,-0.0211,1.0
2018-10-08,9.5,9.5,9.6,9.4,152790,0.0,1.0
2018-10-07,9.5,9.6,9.7,9.4,184810,-0.0104,1.0
2018-10-04,9.6,9.7,9.8,9.5,211580,-0.0204,1.0
2018-10-03,9.8,9.8,9.9,9.7,173750,0.0103,1.0
2018-10-02,9.7,10.2,10.2,9.6,224800,-0.0102,1.0
2018-10-01,9.8,9.9,10.3,9.7,589630,0.0,1.0
2018-09-30,9.8,9.6,9.9,9.5,282640,0.0103,1.0
2018-09-27,9.7,9.9,10.0,9.6,90790,-0.0202,1.0
2018-09-26,9.9,9.5,10.2,9.5,459860,0.0532,1.0
2018-09-25,9.4,9.3,9.4,9.3,40460,0.0108,1.0
2018-09-24,9.3,9.3,9.4,9.2,51820,-0.0211,1.0
2018-09-23,9.5,9.5,9.6,9.3,68720,0.0,1.0
2018-09-20,9.5,9.8,9.9,9.5,113940,-0.0306,1.0
2018-09-19,9.8,9.8,10.0,9.7,99450,0.0,1.0
2018-09-18,9.8,9.6,9.9,9.5,178700,0.0316,1.0
2018-09-17,9.5,9.5,9.8,9.5,103400,0.0,1.0
2018-09-16,9.5,9.4,9.6,9.4,59840,0.0215,1.0
2018-09-13,9.3,9.4,9.5,9.2,110140,0.0,1.0
2018-09-12,9.3,9.7,9.7,9.3,92230,-0.0211,1.0
2018-09-11,9.5,9.8,9.8,9.5,120880,0.0,1.0
2018-09-10,9.5,9.7,9.7,9.5,167300,-0.0206,1.0
2018-09-09,9.7,9.7,9.8,9.6,89470,0.0,1.0
2018-09-06,9.7,9.8,9.8,9.6,79170,0.0,1.0
2018-09-05,9.7,9.7,9.9,9.7,160330,0.0,1.0
2018-09-04,9.7,10.0,10.0,9.6,194190,-0.0202,1.0
2018-09-03,9.9,10.0,10.1,9.9,188470,0.0,1.0
2018-08-30,9.9,10.1,10.1,9.9,125530,-0.01,1.0
2018-08-29,10.0,10.0,10.1,9.9,157090,0.0,1.0
2018-08-28,10.0,10.0,10.2,9.9,209850,0.0,1.0
2018-08-27,10.0,10.1,10.2,10.0,150870,-0.0291,1.0
2018-08-26,10.3,10.4,10.4,10.1,341000,-0.0096,1.0
2018-08-20,10.4,10.5,10.5,10.2,232980,-0.0189,1.0
2018-08-19,10.6,10.4,10.7,10.3,506060,0.0291,1.0
2018-08-16,10.3,9.8,10.4,9.8,516130,0.0404,1.0
2018-08-14,9.9,9.6,10.3,9.6,348830,0.0102,1.0
2018-08-13,9.8,9.5,9.9,9.5,203030,0.0316,1.0
2018-08-12,9.5,9.5,9.6,9.3,279320,0.0106,1.0
2018-08-09,9.4,9.6,9.9,9.3,206470,-0.0208,1.0
2018-08-08,9.6,9.7,9.8,9.5,391260,-0.0103,1.0
2018-08-07,9.7,9.8,10.0,9.6,281980,-0.0202,1.0
2018-08-06,9.9,10.2,10.2,9.8,260120,-0.0294,1.0
2018-08-05,10.2,9.6,10.6,9.4,569780,0.0515,1.0
2018-08-02,9.7,9.3,10.0,9.2,670800,0.0543,1.0
2018-08-01,9.2,9.0,9.3,8.9,284770,0.0337,1.0
2018-07-31,8.9,8.9,9.0,8.9,27050,0.0,0.0
2018-07-30,8.9,8.9,9.1,8.8,83450,0.0,1.0
2018-07-29,8.9,9.0,9.1,8.9,202180,-0.0111,1.0
2018-07-26,9.0,9.0,9.3,9.0,206510,0.0112,1.0
2018-07-25,8.9,9.0,9.0,8.8,126600,0.0,1.0
2018-07-24,8.9,9.0,9.0,8.8,66230,0.0,1.0
2018-07-23,8.9,8.9,9.0,8.8,98460,0.0114,1.0
2018-07-22,8.8,8.9,9.1,8.8,165220,-0.0222,1.0
2018-07-19,9.0,9.0,9.1,8.9,112740,0.0,1.0
2018-07-18,9.0,9.1,9.1,8.9,259170,-0.011,1.0
2018-07-17,9.1,9.3,9.3,9.0,43930,-0.0109,1.0
2018-07-16,9.2,9.2,9.4,9.1,190790,0.011,1.0
2018-07-15,9.1,9.1,9.3,9.0,64060,-0.0109,1.0
2018-07-12,9.2,9.4,9.4,9.2,105110,-0.0108,1.0
2018-07-11,9.3,9.3,9.5,9.2,475670,0.022,1.0
2018-07-10,9.1,9.3,9.4,9.0,272970,-0.0109,1.0
2018-07-09,9.2,9.2,9.3,9.0,229490,0.011,1.0
2018-07-08,9.1,9.1,9.2,9.0,245840,0.0,1.0
2018-07-05,9.1,9.0,9.2,8.9,169120,0.0225,1.0
2018-07-04,8.9,9.0,9.0,8.7,338720,-0.0111,1.0
2018-07-03,9.0,9.1,9.3,8.9,73390,0.0112,1.0
2018-07-02,8.9,9.0,9.2,8.8,114940,-0.0111,1.0
2018-06-28,9.0,9.3,9.3,9.0,148500,-0.011,1.0
2018-06-27,9.1,9.2,9.2,9.0,97130,-0.0109,1.0
2018-06-26,9.2,9.2,9.4,9.1,139610,-0.0108,1.0
2018-06-25,9.3,9.4,9.5,9.2,149260,-0.0106,1.0
2018-06-24,9.4,9.1,9.5,9.1,111230,0.033,1.0
2018-06-21,9.1,9.0,9.2,9.0,204770,0.0111,1.0
2018-06-20,9.0,9.0,9.2,9.0,170150,0.0,1.0
2018-06-19,9.0,9.1,9.2,9.0,57650,-0.011,1.0
2018-06-18,9.1,9.3,9.3,9.1,43690,-0.0215,1.0
2018-06-12,9.3,9.4,9.4,9.3,18450,0.0109,0.0
2018-06-11,9.2,9.3,9.3,9.1,39220,-0.0108,1.0
2018-06-10,9.3,9.3,9.4,9.2,37160,0.0109,1.0
2018-06-07,9.2,9.2,9.3,9.2,14100,0.0,0.0
2018-06-06,9.2,9.3,9.3,9.2,36860,-0.0108,1.0
2018-06-05,9.3,9.3,9.4,9.2,26830,0.0109,0.0
2018-06-04,9.2,9.2,9.3,9.2,22870,0.0,0.0
2018-06-03,9.2,9.2,9.4,9.1,48270,-0.0213,1.0
2018-05-31,9.4,9.3,9.4,9.3,50400,0.0108,1.0
2018-05-30,9.3,9.5,9.5,9.3,112800,-0.0211,1.0
2018-05-29,9.5,9.5,9.6,9.5,97820,0.0,1.0
2018-05-28,9.5,9.6,9.8,9.5,51800,-0.0206,1.0
2018-05-27,9.7,9.7,9.7,9.6,66370,0.0104,1.0
2018-05-24,9.6,9.5,9.7,9.5,91860,0.0084,1.0
2018-05-22,9.52,9.62,9.71,9.52,65090,-0.0104,1.0
2018-05-21,9.62,9.52,9.62,9.43,43730,0.0311,1.0
2018-05-20,9.33,9.52,9.52,9.33,63350,-0.02,1.0
2018-05-17,9.52,9.52,9.62,9.43,133330,0.0,1.0
2018-05-16,9.52,9.62,9.62,9.52,78150,-0.0104,1.0
2018-05-15,9.62,9.62,9.71,9.52,36540,-0.0093,1.0
2018-05-14,9.71,9.62,9.71,9.52,121320,0.0094,1.0
2018-05-13,9.62,9.62,9.71,9.52,96180,0.0,1.0
2018-05-10,9.62,9.71,9.71,9.62,43830,0.0,1.0
2018-05-09,9.62,9.62,9.71,9.62,71030,0.0,1.0
2018-05-08,9.62,9.81,9.81,9.62,123340,-0.0093,1.0
2018-05-07,9.71,9.62,9.81,9.62,47130,0.0,1.0
2018-05-06,9.71,9.71,9.9,9.62,117850,0.0,1.0
2018-05-03,9.71,9.9,9.9,9.62,49290,-0.0102,1.0
2018-04-30,9.81,9.81,9.9,9.71,97230,0.0,1.0
2018-04-26,9.81,9.9,10.1,9.81,144380,0.0305,1.0
2018-04-25,9.52,9.62,9.71,9.52,87360,-0.0104,1.0
2018-04-24,9.62,9.62,9.71,9.62,128490,0.0,1.0
2018-04-23,9.62,9.71,9.81,9.62,154290,-0.0093,1.0
2018-04-22,9.71,9.81,9.9,9.71,98160,0.0,1.0
2018-04-19,9.71,10.1,10.29,9.52,226290,-0.0471,1.0
2018-04-18,10.19,10.19,10.38,10.1,52380,0.0,1.0
2018-04-17,10.19,10.38,10.38,10.19,37840,0.0,1.0
2018-04-16,10.19,10.19,10.38,10.1,30430,-0.0097,1.0
2018-04-15,10.29,10.48,10.57,10.19,159030,-0.0181,1.0
2018-04-12,10.48,10.38,10.57,10.38,105970,-0.0085,1.0
2018-04-11,10.57,10.67,10.86,10.57,165110,-0.0094,1.0
2018-04-10,10.67,10.38,10.95,10.29,595440,0.0369,1.0
2018-04-09,10.29,10.29,10.38,10.19,85220,0.0098,1.0
2018-04-08,10.19,10.29,10.38,10.0,233000,0.0089,1.0
2018-04-05,10.1,10.19,10.38,10.0,305790,-0.0088,1.0
2018-04-04,10.19,9.9,10.29,9.9,294430,0.0293,1.0
2018-04-03,9.9,10.0,10.1,9.81,173570,-0.0198,1.0
2018-04-02,10.1,9.9,10.19,9.81,219520,0.0296,1.0
2018-04-01,9.81,9.71,9.9,9.52,220430,0.0305,1.0
2018-03-29,9.52,9.52,9.62,9.43,254840,-0.0104,1.0
2018-03-28,9.62,9.71,9.71,9.52,92450,0.0,1.0
2018-03-27,9.62,9.71,9.9,9.52,156190,-0.0093,1.0
2018-03-25,9.71,9.71,9.81,9.52,161610,0.02,1.0
2018-03-22,9.52,9.62,9.71,9.43,257010,-0.0104,1.0
2018-03-21,9.62,9.81,9.81,9.52,85220,-0.0283,1.0
2018-03-20,9.9,9.81,10.0,9.71,56110,0.0,1.0
2018-03-19,9.9,10.0,10.1,9.81,56390,-0.0198,1.0
2018-03-18,10.1,10.19,10.19,9.9,106440,0.0,1.0
2018-03-15,10.1,10.0,10.19,9.9,87840,0.01,1.0
2018-03-14,10.0,10.19,10.19,9.81,65790,0.0,1.0
2018-03-13,10.0,10.1,10.1,9.9,21160,-0.0186,0.0
2018-03-12,10.19,10.29,10.29,10.1,95400,-0.0183,1.0
2018-03-11,10.38,10.38,10.48,10.29,92040,0.0,1.0
2018-03-08,10.38,10.38,10.48,10.29,60090,0.0,1.0
2018-03-07,10.38,10.57,10.57,10.29,85870,-0.0095,1.0
2018-03-06,10.48,10.48,10.67,10.38,106710,0.0,1.0
2018-03-05,10.48,10.76,10.76,10.48,89510,-0.026,1.0
2018-03-04,10.76,10.76,11.05,10.67,98040,0.0084,1.0
2018-03-01,10.67,10.38,10.67,10.38,44960,0.0181,1.0
2018-02-28,10.48,10.38,10.48,10.29,50950,0.0,1.0
2018-02-27,10.48,10.48,10.48,10.38,34480,0.0185,1.0
2018-02-26,10.29,10.38,10.38,10.29,28540,0.0,1.0
2018-02-25,10.29,10.57,10.57,10.19,164230,-0.0265,1.0
2018-02-22,10.57,10.76,10.76,10.57,50520,-0.0094,1.0
2018-02-20,10.67,10.76,10.86,10.67,39340,-0.0084,1.0
2018-02-19,10.76,10.76,10.86,10.57,59530,0.0,1.0
2018-02-18,10.76,10.95,10.95,10.76,130720,-0.0174,1.0
2018-02-15,10.95,11.14,11.14,10.95,77570,-0.009,1.0
2018-02-14,11.05,11.05,11.24,10.95,142290,0.0,1.0
2018-02-13,11.05,11.05,11.14,10.95,73280,0.0,1.0
2018-02-12,11.05,11.24,11.24,10.95,74860,0.0,1.0
2018-02-11,11.05,10.95,11.24,10.67,119100,0.0175,1.0
2018-02-08,10.86,10.57,10.86,10.57,95900,0.0178,1.0
2018-02-07,10.67,10.67,10.76,10.57,61100,-0.0175,1.0
2018-02-06,10.86,10.57,10.86,10.48,83650,0.0462,1.0
2018-02-05,10.38,10.48,10.67,10.19,89820,-0.018,1.0
2018-02-04,10.57,10.95,10.95,10.48,70820,-0.0434,1.0
2018-02-01,11.05,10.95,11.14,10.95,76060,-0.0081,1.0
2018-01-31,11.14,11.24,11.33,11.05,64099,-0.0168,1.0
2018-01-30,11.33,11.43,11.43,11.24,49700,-0.0087,1.0
2018-01-29,11.43,11.33,11.52,11.14,49220,0.0088,1.0
2018-01-28,11.33,11.33,11.43,11.24,91700,-0.0087,1.0
2018-01-25,11.43,11.52,11.52,11.33,56280,0.0,1.0
2018-01-24,11.43,11.52,11.71,11.33,231680,-0.0078,1.0
2018-01-23,11.52,11.52,11.62,11.52,96690,-0.0086,1.0
2018-01-22,11.62,11.71,11.81,11.52,120230,-0.0077,1.0
2018-01-21,11.71,11.81,11.81,11.62,55860,0.0,1.0
2018-01-18,11.71,11.62,11.71,11.62,31880,0.0077,1.0
2018-01-17,11.62,11.71,11.81,11.52,155450,-0.0161,1.0
2018-01-16,11.81,11.71,11.9,11.52,145140,0.0085,1.0
2018-01-15,11.71,11.81,11.9,11.62,139290,-0.016,1.0
2018-01-14,11.9,11.81,12.0,11.81,59030,0.0,1.0
2018-01-11,11.9,11.9,12.0,11.9,35020,-0.0083,1.0
2018-01-10,12.0,12.1,12.1,11.9,128310,0.0,1.0
2018-01-09,12.0,12.0,12.0,11.9,97370,0.0,1.0
2018-01-08,12.0,12.0,12.1,11.9,76750,-0.0083,1.0
2018-01-07,12.1,12.1,12.1,12.0,113810,0.0,1.0
2018-01-04,12.1,12.38,0.0,12.0,86460,-0.0155,1.0
2018-01-03,12.29,12.29,12.29,12.0,302000,0.0157,1.0
2018-01-02,12.1,12.29,12.29,12.0,149580,-0.0074,1.0
2018-01-01,12.19,12.0,12.29,11.9,255960,0.0074,1.0
2017-12-28,12.1,11.9,12.19,11.9,75310,0.0168,1.0
2017-12-27,11.9,12.29,12.29,11.81,634980,-0.0165,1.0
2017-12-26,12.1,12.1,12.19,12.0,137990,0.0,1.0
2017-12-24,12.1,12.48,12.48,12.0,157930,-0.0226,1.0
2017-12-21,12.38,12.48,12.86,12.29,809260,0.0073,1.0
2017-12-20,12.29,11.9,12.29,11.9,373430,0.0242,1.0
2017-12-19,12.0,12.1,12.1,11.9,201890,0.0,1.0
2017-12-18,12.0,12.19,12.19,12.0,65340,-0.0083,1.0
2017-12-17,12.1,12.19,12.29,12.0,111760,0.0,1.0
2017-12-14,12.1,12.1,12.29,12.0,155730,0.0083,1.0
2017-12-13,12.0,12.1,12.1,11.9,124670,0.0,1.0
2017-12-12,12.0,12.0,12.1,11.9,131720,0.0084,1.0
2017-12-11,11.9,12.0,12.1,11.9,106120,0.0,1.0
2017-12-10,11.9,12.1,12.19,11.9,67190,-0.0165,1.0
2017-12-07,12.1,12.1,12.19,11.9,105110,0.0083,1.0
2017-12-06,12.0,11.9,12.19,11.9,79680,0.0084,1.0
2017-12-05,11.9,12.29,12.29,11.81,333490,-0.0165,1.0
2017-12-04,12.1,12.29,12.29,12.1,125160,0.0,1.0
2017-12-03,12.1,12.1,12.29,12.1,188180,0.0,1.0
2017-11-30,12.1,12.29,12.29,12.1,109330,-0.0074,1.0
2017-11-29,12.19,12.38,0.0,12.1,127620,0.0074,1.0
2017-11-28,12.1,12.29,12.29,12.1,202350,0.0,1.0
2017-11-27,12.1,12.19,12.29,12.0,330240,-0.0155,1.0
2017-11-26,12.29,12.67,12.67,12.19,210020,-0.0223,1.0
2017-11-23,12.57,12.1,12.67,12.1,999800,0.0475,1.0
2017-11-22,12.0,11.9,12.1,11.9,370550,0.0084,1.0
2017-11-21,11.9,11.9,12.1,11.81,180650,-0.0083,1.0
2017-11-20,12.0,11.9,12.1,11.81,207330,0.0084,1.0
2017-11-19,11.9,12.19,12.19,11.81,151690,-0.0083,1.0
2017-11-16,12.0,11.9,12.1,11.9,118860,0.0,1.0
2017-11-15,12.0,11.9,12.1,11.9,100960,0.0,1.0
2017-11-14,12.0,11.9,12.1,11.81,165740,0.0,1.0
2017-11-13,12.0,11.81,12.1,11.81,174830,0.0161,1.0
2017-11-12,11.81,12.19,12.19,11.71,269290,-0.024,1.0
2017-11-09,12.1,12.1,12.29,12.0,148520,0.0,1.0
2017-11-08,12.1,12.1,12.19,12.0,153770,0.0083,1.0
2017-11-07,12.0,12.38,0.0,12.0,231570,-0.0236,1.0
2017-11-06,12.29,12.19,12.29,12.19,117320,-0.0073,1.0
2017-11-05,12.38,12.29,12.67,12.29,196980,-0.0151,1.0
2017-11-02,12.57,12.38,12.67,12.29,572580,0.0153,1.0
2017-11-01,12.38,11.9,12.29,11.9,383730,0.0317,1.0
2017-10-31,12.0,12.0,12.19,11.9,161440,-0.0083,1.0
2017-10-30,12.1,12.0,12.19,11.81,265540,0.0168,1.0
2017-10-29,11.9,11.9,12.1,11.9,83680,0.0,1.0
2017-10-26,11.9,12.1,12.1,11.9,120360,0.0,1.0
2017-10-25,11.9,12.0,12.19,11.9,110470,0.0076,1.0
2017-10-24,11.81,12.0,12.0,11.81,87450,0.0,1.0
2017-10-23,11.81,12.19,12.19,11.81,313890,-0.024,1.0
2017-10-22,12.1,12.29,12.29,12.1,181220,-0.0226,1.0
2017-10-19,12.38,12.38,12.48,12.19,272700,0.0,1.0
2017-10-18,12.38,12.76,12.76,12.38,312930,-0.0229,1.0
2017-10-17,12.67,12.38,12.67,12.19,630210,0.0471,1.0
2017-10-16,12.1,12.19,12.29,11.81,606530,-0.0074,1.0
2017-10-15,12.19,12.76,12.76,12.1,310860,-0.0302,1.0
2017-10-12,12.57,12.95,12.95,12.38,608550,-0.0368,1.0
2017-10-11,13.05,13.24,13.43,12.95,733570,-0.0144,1.0
2017-10-10,13.24,13.33,13.52,12.95,827610,0.0,1.0
2017-10-09,13.24,13.52,13.62,13.14,837800,-0.0343,1.0
2017-10-08,13.71,13.71,14.1,13.62,1040000,-0.0072,1.0
2017-10-05,13.81,13.24,14.0,13.24,3970000,0.051,1.0
2017-10-04,13.14,13.33,13.33,12.86,530300,0.0218,1.0
2017-10-03,12.86,12.57,12.95,12.57,324960,0.0304,1.0
2017-10-02,12.48,12.48,12.67,12.29,300880,0.0,1.0
2017-09-28,12.48,12.57,12.57,12.38,121340,0.0,1.0
2017-09-27,12.48,12.57,12.86,12.38,363420,0.0,1.0
2017-09-26,12.48,12.57,12.67,12.38,278680,-0.0072,1.0
2017-09-25,12.57,12.86,12.86,12.48,308420,-0.0226,1.0
2017-09-24,12.86,12.76,13.24,12.76,356150,0.015,1.0
2017-09-21,12.67,12.95,13.05,12.67,525380,-0.0216,1.0
2017-09-20,12.95,13.14,13.24,12.86,443580,-0.0077,1.0
2017-09-19,13.05,13.24,13.43,12.95,848330,0.0,1.0
2017-09-18,13.05,13.14,13.33,12.95,724620,0.0,1.0
2017-09-17,13.05,13.24,13.43,12.95,811820,-0.0144,1.0
2017-09-14,13.24,13.24,13.52,13.14,1710000,0.0076,1.0
2017-09-13,13.14,12.95,13.52,12.95,1330000,0.0218,1.0
2017-09-12,12.86,12.95,13.05,12.67,638880,-0.0146,1.0
2017-09-11,13.05,13.14,13.81,12.95,1420000,-0.0144,1.0
2017-09-10,13.24,12.76,13.24,12.67,1510000,0.045,1.0
2017-09-07,12.67,12.86,12.95,12.57,457620,-0.0216,1.0
2017-09-06,12.95,12.38,13.24,12.38,2170000,0.0537,1.0
2017-09-05,12.29,12.29,12.29,12.1,277180,0.0,1.0
2017-09-04,12.29,12.19,12.29,12.19,331630,0.0157,1.0
2017-08-31,12.1,11.9,12.19,11.9,259740,0.0168,1.0
2017-08-30,11.9,11.81,12.0,11.62,177750,0.0162,1.0
2017-08-29,11.71,11.81,11.9,11.52,211320,0.0,1.0
2017-08-28,11.71,11.52,11.81,11.52,82970,0.0077,1.0
2017-08-27,11.62,11.62,11.71,11.52,174810,0.0087,1.0
2017-08-24,11.52,11.81,11.9,11.43,144100,-0.0246,1.0
2017-08-23,11.81,11.81,11.9,11.71,110960,0.0,1.0
2017-08-22,11.81,11.52,11.81,11.43,209540,0.0252,1.0
2017-08-21,11.52,11.43,11.62,11.43,157830,0.0,1.0
2017-08-20,11.52,11.52,11.71,11.43,254150,-0.0086,1.0
2017-08-17,11.62,11.71,11.81,11.52,129810,-0.0077,1.0
2017-08-16,11.71,11.81,11.9,11.71,165800,-0.0085,1.0
2017-08-13,11.81,11.9,12.0,11.71,275000,-0.024,1.0
2017-08-10,12.1,12.29,12.29,12.0,310890,-0.0155,1.0
2017-08-09,12.29,12.38,0.0,12.19,237450,-0.0073,1.0
2017-08-08,12.38,12.67,12.86,12.29,535140,-0.0229,1.0
2017-08-07,12.67,12.76,12.95,12.57,458210,-0.0216,1.0
2017-08-06,12.95,12.48,12.95,12.38,1270000,0.046,1.0
2017-08-03,12.38,12.38,12.48,12.29,278880,0.0,1.0
2017-08-02,12.38,12.38,0.0,12.19,278220,0.0156,1.0
2017-08-01,12.19,12.1,12.29,12.1,391520,0.0158,1.0
2017-07-31,12.0,11.9,12.1,11.81,235050,0.0084,1.0
2017-07-30,11.9,12.0,12.0,11.81,288530,0.0076,1.0
2017-07-27,11.81,12.1,12.1,11.81,212580,-0.024,1.0
2017-07-26,12.1,11.9,12.19,11.9,141020,0.0168,1.0
2017-07-25,11.9,11.9,12.0,11.9,142000,0.0076,1.0
2017-07-24,11.81,11.71,11.81,11.62,84740,0.0164,1.0
2017-07-23,11.62,11.81,11.9,11.62,89580,-0.0077,1.0
2017-07-20,11.71,11.62,11.9,11.62,96820,0.0,1.0
2017-07-19,11.71,11.9,12.0,11.62,153550,-0.016,1.0
2017-07-18,11.9,12.0,12.1,11.81,231140,-0.0083,1.0
2017-07-17,12.0,12.19,12.29,12.0,192790,-0.0156,1.0
2017-07-16,12.19,12.38,12.48,12.19,299890,-0.0153,1.0
2017-07-13,12.38,12.38,12.48,12.1,202730,0.0,1.0
2017-07-12,12.38,12.48,12.86,12.29,507460,0.0,1.0
2017-07-11,12.38,12.38,12.95,12.29,940030,0.0,1.0
2017-07-10,12.38,11.81,12.48,11.71,898940,0.0572,1.0
2017-07-09,11.71,11.24,11.81,11.24,364040,0.0418,1.0
2017-07-06,11.24,11.33,11.43,11.24,136760,-0.0166,1.0
2017-07-05,11.43,11.43,11.52,11.33,169570,0.0,1.0
2017-07-04,11.43,11.43,11.62,11.24,255510,0.0088,1.0
2017-07-03,11.33,11.14,11.52,11.14,215540,0.008,1.0
2017-07-02,11.24,11.24,11.33,11.05,136690,0.0,1.0
2017-06-29,11.24,10.95,11.24,10.95,250740,0.0265,1.0
2017-06-28,10.95,10.86,11.05,10.76,103180,0.0177,1.0
2017-06-22,10.76,10.86,10.95,10.67,120910,0.0084,1.0
2017-06-21,10.67,10.48,10.76,10.38,153140,0.0279,1.0
2017-06-20,10.38,10.38,10.57,10.38,130490,0.0087,1.0
2017-06-19,10.29,10.38,10.38,10.29,64390,-0.0087,1.0
2017-06-18,10.38,10.29,10.48,10.29,50300,0.0,1.0
2017-06-15,10.38,10.29,10.48,10.29,71760,0.0,1.0
2017-06-14,10.38,10.29,10.38,10.19,48610,0.0186,1.0
2017-06-13,10.19,10.29,10.29,10.1,122850,-0.0097,1.0
2017-06-12,10.29,10.29,10.48,10.29,30860,0.0,1.0
2017-06-11,10.29,10.19,10.48,10.19,36290,0.0,1.0
2017-06-08,10.29,10.48,10.48,10.29,58490,-0.0181,1.0
2017-06-07,10.48,10.48,10.48,10.19,73330,0.0,1.0
2017-06-06,10.48,10.38,10.48,10.29,136130,0.0185,1.0
2017-06-05,10.29,10.29,10.38,10.19,141550,-0.0087,1.0
2017-06-04,10.38,10.48,10.48,10.29,41990,-0.018,1.0
2017-06-01,10.57,10.48,10.67,10.29,67980,0.0183,1.0
2017-05-31,10.38,10.29,10.48,10.29,74990,0.0,1.0
2017-05-30,10.38,10.38,10.48,10.19,42510,0.0087,1.0
2017-05-29,10.29,10.38,10.57,10.19,84410,0.0098,1.0
2017-05-28,10.19,10.38,10.48,10.0,114710,-0.0145,1.0
2017-05-24,10.34,10.43,10.52,10.25,159430,0.0,1.0
2017-05-23,10.34,10.52,10.61,10.25,174120,-0.0086,1.0
2017-05-22,10.43,10.43,10.61,10.34,165810,0.0,1.0
2017-05-21,10.43,10.61,10.61,10.34,48390,-0.0252,1.0
2017-05-18,10.7,10.7,10.88,10.61,109090,-0.0083,1.0
2017-05-17,10.79,10.88,10.98,10.7,118230,-0.0253,1.0
2017-05-16,11.07,11.25,11.25,10.88,109490,0.0082,1.0
2017-05-15,10.98,10.98,11.16,10.88,143160,0.0176,1.0
2017-05-14,10.79,11.25,11.25,10.7,104470,-0.0409,1.0
2017-05-11,11.25,11.52,11.52,11.16,113250,-0.0157,1.0
2017-05-09,11.43,11.61,11.61,11.43,191480,0.0079,1.0
2017-05-08,11.34,11.61,11.7,10.88,164760,-0.0233,1.0
2017-05-07,11.61,11.07,11.61,10.88,260760,0.0671,1.0
2017-05-04,10.88,10.79,11.07,10.7,158020,0.0168,1.0
2017-05-03,10.7,10.79,10.88,10.52,101930,0.0171,1.0
2017-05-02,10.52,10.52,10.98,10.43,118820,-0.025,1.0
2017-04-30,10.79,10.88,10.98,10.7,88500,-0.0173,1.0
2017-04-27,10.98,10.79,11.25,10.79,101920,0.0176,1.0
2017-04-26,10.79,10.79,10.98,10.7,67250,0.0084,1.0
2017-04-25,10.7,10.34,10.88,10.34,62190,0.0259,1.0
2017-04-24,10.43,10.61,10.61,10.34,47280,-0.017,1.0
2017-04-23,10.61,10.98,10.98,10.52,168080,-0.0337,1.0
2017-04-20,10.98,11.16,11.16,10.88,49850,0.0,1.0
2017-04-19,10.98,10.98,11.16,10.88,49400,0.0,1.0
2017-04-18,10.98,11.25,11.25,10.79,169640,-0.0317,1.0
2017-04-17,11.34,11.25,11.52,10.98,205470,0.008,1.0
2017-04-16,11.25,11.16,11.16,11.16,149880,0.0,1.0
2017-04-13,11.25,11.43,11.43,11.25,95590,-0.0157,1.0
2017-04-12,11.43,11.25,11.52,11.25,98610,0.016,1.0
2017-04-11,11.25,11.07,11.52,11.07,63460,0.0081,1.0
2017-04-10,11.16,11.52,11.52,10.98,191000,-0.0159,1.0
2017-04-09,11.34,11.61,11.7,11.34,180460,-0.0233,1.0
2017-04-06,11.61,11.52,11.7,11.52,171500,0.0078,1.0
2017-04-05,11.52,11.7,11.88,11.43,190500,-0.0303,1.0
2017-04-04,11.88,12.24,12.34,11.7,260170,-0.0294,1.0
2017-04-03,12.24,12.34,12.34,12.15,242810,-0.0081,1.0
2017-04-02,12.34,12.43,12.43,12.24,111410,-0.0072,1.0
2017-03-30,12.43,12.34,12.7,12.24,369830,0.0073,1.0
2017-03-29,12.34,12.61,12.61,12.15,252540,-0.0214,1.0
2017-03-28,12.61,12.79,12.79,12.52,133850,-0.0071,1.0
2017-03-27,12.7,12.88,12.88,12.61,213090,-0.007,1.0
2017-03-23,12.79,12.7,12.88,12.61,243610,0.0071,1.0
2017-03-22,12.7,12.79,12.88,12.52,267260,0.0,1.0
2017-03-21,12.7,12.79,12.97,12.52,423470,-0.014,1.0
2017-03-20,12.88,12.88,13.06,12.79,188490,0.0,1.0
2017-03-19,12.88,13.06,13.15,12.79,539050,0.0,1.0
2017-03-16,12.88,12.97,13.06,12.79,222380,0.0,1.0
2017-03-15,12.88,12.88,13.15,12.88,284290,0.0,1.0
2017-03-14,12.88,13.15,13.15,12.79,310230,-0.0205,1.0
2017-03-13,13.15,13.24,13.51,13.06,567800,-0.0068,1.0
2017-03-12,13.24,12.88,13.42,12.88,997990,0.0352,1.0
2017-03-09,12.79,12.7,12.88,12.61,388220,0.0216,1.0
2017-03-08,12.52,12.88,12.88,12.52,213890,-0.0211,1.0
2017-03-07,12.79,12.61,12.97,12.52,488920,0.029,1.0
2017-03-06,12.43,12.15,12.43,12.15,129729,0.023,1.0
2017-03-05,12.15,12.34,12.43,12.15,88950,-0.0154,1.0
2017-03-02,12.34,12.34,12.52,12.24,131140,-0.0072,1.0
2017-03-01,12.43,12.52,12.61,12.43,105850,-0.0072,1.0
2017-02-28,12.52,12.52,12.61,12.34,212460,0.0072,1.0
2017-02-27,12.43,12.43,12.52,12.34,142300,0.0,1.0
2017-02-26,12.43,12.52,12.61,12.43,178770,0.0,1.0
2017-02-23,12.43,12.52,12.52,12.34,142460,-0.0072,1.0
2017-02-22,12.52,12.7,12.7,12.43,250010,-0.0071,1.0
2017-02-20,12.61,12.79,12.79,12.52,262960,0.0,1.0
2017-02-19,12.61,12.88,12.88,12.52,199200,0.0,1.0
2017-02-16,12.61,12.7,12.7,12.61,167630,-0.0071,1.0
2017-02-15,12.7,12.79,12.88,12.61,332380,0.0071,1.0
2017-02-14,12.61,12.34,12.88,12.24,418020,-0.0141,1.0
2017-02-13,12.79,12.97,13.06,12.7,403360,-0.0139,1.0
2017-02-12,12.97,12.7,13.06,12.7,327600,0.0141,1.0
2017-02-09,12.79,12.88,12.97,12.61,457160,0.0071,1.0
2017-02-08,12.7,12.61,12.97,12.43,473230,0.0144,1.0
2017-02-07,12.52,12.06,12.88,11.97,349290,0.0381,1.0
2017-02-06,12.06,12.34,12.43,11.97,188800,-0.0074,1.0
2017-02-05,12.15,12.34,12.7,12.06,188750,-0.0296,1.0
2017-02-02,12.52,12.97,12.97,12.34,476300,-0.0347,1.0
2017-02-01,12.97,12.97,13.42,12.88,442770,-0.0137,1.0
2017-01-31,13.15,12.88,13.51,12.7,584990,0.0281,1.0
2017-01-30,12.79,12.97,13.24,12.52,796160,-0.0274,1.0
2017-01-29,13.15,13.97,14.15,12.88,492370,-0.0526,1.0
2017-01-26,13.88,14.51,14.88,13.79,927540,-0.0314,1.0
2017-01-25,14.33,13.7,14.6,13.7,3260000,0.0678,1.0
2017-01-24,13.42,13.24,13.61,13.15,1100000,0.0136,1.0
2017-01-23,13.24,13.24,13.33,13.15,642320,0.0068,1.0
2017-01-22,13.15,13.06,13.42,13.06,571790,0.0139,1.0
2017-01-19,12.97,13.24,13.24,12.7,638020,-0.0204,1.0
2017-01-18,13.24,13.7,13.79,12.88,904250,-0.0399,1.0
2017-01-17,13.79,13.61,14.06,13.51,1320000,0.0207,1.0
2017-01-16,13.51,13.15,13.61,13.06,1140000,0.0274,1.0
2017-01-15,13.15,13.15,13.24,12.88,1280000,0.0069,1.0
2017-01-12,13.06,13.15,13.42,12.88,1120000,0.0,1.0
2017-01-11,13.06,12.97,13.15,12.61,1210000,0.0211,1.0
2017-01-10,12.79,12.24,12.97,12.15,1190000,0.0449,1.0
2017-01-09,12.24,12.24,12.52,12.15,663010,-0.0081,1.0
2017-01-08,12.34,12.61,12.61,12.24,322550,-0.1058,1.0
2017-01-05,13.8,13.8,14.0,13.5,1410000,0.0073,1.0
2017-01-04,13.7,13.8,14.1,13.6,830200,0.0,1.0
2017-01-03,13.7,14.2,14.4,13.6,709350,-0.0284,1.0
2017-01-02,14.1,13.6,14.3,13.4,1510000,0.0368,1.0
2017-01-01,13.6,13.4,13.8,13.3,804240,0.0303,1.0
2016-12-29,13.2,13.5,13.6,13.0,597120,-0.0075,1.0
2016-12-28,13.3,13.4,13.5,13.2,575070,0.0,1.0
2016-12-27,13.3,13.4,13.8,13.1,899870,-0.0075,1.0
2016-12-26,13.4,13.1,13.7,12.8,846560,0.0388,1.0
2016-12-22,12.9,12.3,13.1,12.3,630600,0.0078,1.0
2016-12-21,12.8,13.0,0.0,12.7,444990,0.0,1.0
2016-12-20,12.8,13.1,13.3,12.5,545810,-0.0154,1.0
2016-12-19,13.0,13.2,13.2,12.9,810590,-0.0152,1.0
2016-12-18,13.2,13.2,13.3,12.9,573320,0.0154,1.0
2016-12-15,13.0,13.1,13.4,12.8,671840,0.0156,1.0
2016-12-14,12.8,13.2,13.3,12.7,622860,-0.0376,1.0
2016-12-12,13.3,13.2,13.4,13.0,762800,0.0076,1.0
2016-12-11,13.2,13.0,13.8,13.0,2020000,0.0154,1.0
2016-12-08,13.0,12.5,12.9,12.5,696050,0.0484,1.0
2016-12-07,12.4,12.8,12.8,12.2,839400,-0.0236,1.0
2016-12-06,12.7,12.8,12.9,12.6,721690,-0.0078,1.0
2016-12-05,12.8,12.8,13.1,12.8,985130,0.0,1.0
2016-12-04,12.8,13.3,13.6,12.7,1140000,-0.0303,1.0
2016-12-01,13.2,12.8,13.5,12.7,2190000,0.0476,1.0
2016-11-30,12.6,13.0,13.1,12.3,1240000,-0.0233,1.0
2016-11-29,12.9,11.8,12.9,11.8,3850000,0.0932,1.0
2016-11-28,11.8,11.5,12.0,11.4,1260000,0.0351,1.0
2016-11-27,11.4,11.3,11.5,11.1,886010,0.0,1.0
2016-11-24,11.4,11.2,11.7,11.2,1130000,0.0179,1.0
2016-11-23,11.2,10.9,11.4,10.7,1060000,0.037,1.0
2016-11-22,10.8,10.6,10.9,10.6,659880,0.0286,1.0
2016-11-21,10.5,10.2,10.5,10.2,431680,0.0294,1.0
2016-11-20,10.2,10.1,10.4,10.1,128490,0.0099,1.0
2016-11-17,10.1,10.5,10.5,10.1,283680,-0.0288,1.0
2016-11-16,10.4,10.1,10.5,10.0,527970,0.04,1.0
2016-11-15,10.0,10.0,10.1,9.9,185500,0.0,1.0
2016-11-14,10.0,10.2,10.2,9.9,98860,-0.0099,1.0
2016-11-13,10.1,9.9,10.2,9.9,133620,0.0202,1.0
2016-11-10,9.9,10.0,10.2,9.8,251160,-0.01,1.0
2016-11-09,10.0,10.1,10.2,9.9,135140,-0.0099,1.0
2016-11-08,10.1,10.3,10.5,9.9,331630,-0.0194,1.0
2016-11-07,10.3,10.4,10.5,10.2,168050,0.0,1.0
2016-11-06,10.3,10.0,10.7,10.0,176620,-0.0283,1.0
2016-11-03,10.6,10.8,10.9,10.2,121540,0.0192,1.0
2016-11-02,10.4,10.0,10.5,10.0,153120,0.04,1.0
2016-11-01,10.0,9.8,10.1,9.8,90270,0.0204,1.0
2016-10-31,9.8,10.2,10.2,9.7,130520,-0.0297,1.0
2016-10-30,10.1,9.8,10.3,9.8,47800,0.0,1.0
2016-10-27,10.1,10.5,10.5,9.8,256459,-0.0288,1.0
2016-10-26,10.4,10.7,10.7,10.3,222470,-0.028,1.0
2016-10-25,10.7,10.9,10.9,10.7,210730,-0.0093,1.0
2016-10-24,10.8,11.2,11.3,10.7,416830,-0.0182,1.0
2016-10-23,11.0,12.0,12.0,11.0,262330,-0.0833,1.0
2016-10-20,12.0,12.0,12.0,11.0,601160,0.0,1.0
2016-10-19,12.0,12.0,12.0,12.0,597400,0.0,1.0
2016-10-18,12.0,12.0,12.0,12.0,1120000,0.0,1.0
2016-10-17,12.0,11.0,12.0,11.0,746600,0.0909,1.0
2016-10-16,11.0,11.0,11.0,11.0,313510,0.0,1.0
2016-10-13,11.0,11.0,11.0,11.0,180280,0.0,1.0
2016-10-10,11.0,11.0,11.0,11.0,180840,0.0,1.0
2016-10-09,11.0,11.0,12.0,11.0,1060000,0.0,1.0
2016-10-06,11.0,11.0,12.0,11.0,552280,0.0,1.0
2016-10-05,11.0,12.0,12.0,11.0,592010,-0.0833,1.0
2016-10-04,12.0,12.0,12.0,11.0,982190,0.0,1.0
2016-10-03,12.0,12.0,12.0,12.0,2280000,0.0,1.0
2016-10-02,12.0,12.0,12.0,12.0,1080000,0.0,1.0
2016-09-29,12.0,12.0,12.0,12.0,1370000,0.0,1.0
2016-09-28,12.0,12.0,12.0,11.0,786600,0.0,1.0
2016-09-27,12.0,12.0,12.0,11.0,792020,0.0909,1.0
2016-09-26,11.0,11.0,12.0,11.0,1010000,0.0,1.0
2016-09-25,11.0,11.0,11.0,11.0,427660,0.0,1.0
2016-09-24,11.0,11.0,11.0,11.0,924750,0.1,1.0
2016-09-22,10.0,11.0,11.0,10.0,312500,-0.0909,1.0
2016-09-21,11.0,10.0,11.0,10.0,423960,0.1,1.0
2016-09-20,10.0,11.0,11.0,10.0,486360,0.0,1.0
2016-09-19,10.0,11.0,11.0,10.0,259800,-0.0909,1.0
2016-09-18,11.0,11.0,11.0,10.0,175330,0.0,1.0
2016-09-08,11.0,11.0,11.0,11.0,478140,0.0,1.0
2016-09-07,11.0,11.0,11.0,11.0,521289,0.0,1.0
2016-09-06,11.0,11.0,12.0,11.0,688640,0.0,1.0
2016-09-05,11.0,12.0,12.0,11.0,781550,-0.0833,1.0
2016-09-04,12.0,12.0,12.0,12.0,1060000,0.0,1.0
2016-09-01,12.0,12.0,12.0,12.0,823910,0.0,1.0
2016-08-31,12.0,12.0,12.0,11.0,1250000,0.0909,1.0
2016-08-30,11.0,12.0,12.0,11.0,1050000,-0.0833,1.0
2016-08-29,12.0,11.0,12.0,11.0,1800000,0.0909,1.0
2016-08-28,11.0,11.0,12.0,11.0,1360000,0.0,1.0
2016-08-24,11.0,10.0,11.0,10.0,1210000,0.1,1.0
2016-08-23,10.0,10.0,10.0,10.0,640790,0.0,1.0
2016-08-22,10.0,10.0,10.0,10.0,987940,0.0,1.0
2016-08-21,10.0,9.0,10.0,9.0,765600,0.1111,1.0
2016-08-18,9.0,9.0,9.0,9.0,588720,0.0,1.0
2016-08-17,9.0,9.0,9.0,9.0,92190,0.0,1.0
2016-08-16,9.0,9.0,9.0,8.0,71480,0.125,1.0
2016-08-14,8.0,9.0,9.0,8.0,113200,-0.1111,1.0
2016-08-11,9.0,8.0,9.0,8.0,150930,0.0,1.0
2016-08-10,9.0,9.0,9.0,8.0,207950,0.0,1.0
2016-08-09,9.0,9.0,9.0,8.0,156030,0.0,1.0
2016-08-08,9.0,8.0,9.0,8.0,102100,0.125,1.0
2016-08-07,8.0,9.0,9.0,8.0,54460,0.0,1.0
2016-08-04,8.0,8.0,9.0,8.0,74660,0.0,1.0
2016-08-03,8.0,9.0,9.0,8.0,114580,0.0,1.0
2016-08-02,8.0,9.0,9.0,8.0,98600,0.0,1.0
2016-08-01,8.0,8.0,9.0,8.0,94440,0.0,1.0
2016-07-31,8.0,8.0,9.0,8.0,312030,-0.1111,1.0
2016-07-28,9.0,8.0,9.0,8.0,50270,0.125,1.0
2016-07-27,8.0,8.0,9.0,8.0,85180,0.0,1.0
2016-07-26,8.0,8.0,9.0,8.0,224260,-0.1111,1.0
2016-07-25,9.0,9.0,9.0,8.0,80420,0.0,1.0
2016-07-24,9.0,8.0,9.0,8.0,118620,0.0,1.0
2016-07-21,9.0,9.0,9.0,9.0,246860,0.0,1.0
2016-07-20,9.0,9.0,9.0,9.0,206890,0.0,1.0
2016-07-19,9.0,9.0,9.0,9.0,423400,0.0,1.0
2016-07-18,9.0,9.0,9.0,9.0,420580,0.0,1.0
2016-07-17,9.0,9.0,9.0,9.0,141160,0.0,1.0
2016-07-16,9.0,9.0,9.0,8.0,243790,0.0,1.0
2016-07-14,9.0,9.0,9.0,9.0,297160,0.0,1.0
2016-07-13,9.0,9.0,9.0,9.0,204150,0.0,1.0
2016-07-12,9.0,9.0,9.0,9.0,62710,0.0,1.0
2016-07-11,9.0,9.0,9.0,9.0,89880,0.0,1.0
2016-07-10,9.0,8.0,9.0,8.0,29540,0.0,1.0
2016-06-30,9.0,9.0,9.0,8.0,53400,0.125,1.0
2016-06-29,8.0,8.0,9.0,8.0,143660,0.0,1.0
2016-06-28,8.0,8.0,8.0,8.0,27560,0.0,0.0
2016-06-27,8.0,8.0,8.0,8.0,127630,0.0,1.0
2016-06-26,8.0,8.0,8.0,8.0,69970,0.0,1.0
2016-06-23,8.0,8.0,9.0,8.0,27570,-0.1111,0.0
2016-06-22,9.0,8.0,9.0,8.0,44950,0.125,1.0
2016-06-21,8.0,8.0,8.0,8.0,21060,0.0,0.0
2016-06-20,8.0,8.0,9.0,8.0,54670,-0.1111,1.0
2016-06-19,9.0,9.0,9.0,8.0,191590,0.0,1.0
2016-06-16,9.0,9.0,9.0,9.0,204840,0.0,1.0
2016-06-15,9.0,9.0,9.0,9.0,123200,0.0,1.0
2016-06-14,9.0,9.0,9.0,9.0,96180,0.0,1.0
2016-06-13,9.0,9.0,9.0,9.0,158270,0.0,1.0
2016-06-12,9.0,9.0,9.0,9.0,66930,0.0,1.0
2016-06-09,9.0,9.0,9.0,9.0,55640,0.0,1.0
2016-06-08,9.0,9.0,9.0,9.0,82820,0.0,1.0
2016-06-07,9.0,9.0,9.0,9.0,92180,0.0,1.0
2016-06-06,9.0,9.0,9.0,9.0,126770,0.0,1.0
2016-06-05,9.0,9.0,9.0,9.0,154190,0.0,1.0
2016-06-01,9.0,9.0,9.0,9.0,144900,0.0,1.0
2016-05-31,9.0,9.0,9.0,9.0,138390,0.0,1.0
2016-05-30,9.0,9.0,9.0,9.0,257250,0.0,1.0
2016-05-29,9.0,9.0,9.0,9.0,179670,0.0,1.0
2016-05-26,9.0,9.0,9.0,9.0,91070,0.0,1.0
2016-05-25,9.0,9.0,9.0,9.0,82030,0.0,1.0
2016-05-24,9.0,9.0,9.0,9.0,93710,0.0,1.0
2016-05-22,9.0,9.0,9.0,9.0,120100,0.0,1.0
2016-05-19,9.0,9.0,9.0,9.0,169240,0.0,1.0
2016-05-18,9.0,9.0,9.0,9.0,407560,0.0,1.0
2016-05-17,9.0,9.0,9.0,9.0,105510,0.125,1.0
2016-05-16,8.0,8.0,9.0,8.0,136060,0.0,1.0
2016-05-15,8.0,8.0,8.0,8.0,94260,0.0,1.0
2016-05-12,8.0,8.0,8.0,8.0,61000,0.0,1.0
2016-05-11,8.0,9.0,9.0,8.0,73610,0.0,1.0
2016-05-10,8.0,9.0,9.0,8.0,165120,-0.1111,1.0
2016-05-09,9.0,9.0,9.0,8.0,174300,0.0,1.0
2016-05-08,9.0,8.0,9.0,8.0,339860,0.125,1.0
2016-05-05,8.0,8.0,8.0,8.0,244480,0.0,1.0
2016-05-04,8.0,8.0,8.0,8.0,99000,0.0,1.0
2016-05-03,8.0,8.0,8.0,8.0,138490,0.0,1.0
2016-05-02,8.0,8.0,8.0,8.0,102420,0.0,1.0
2016-04-28,8.0,8.0,8.0,8.0,104200,-0.1111,1.0
2016-04-27,9.0,9.0,9.0,8.0,85470,0.0,1.0
2016-04-26,9.0,9.0,9.0,9.0,50760,0.0,1.0
2016-04-25,9.0,9.0,9.0,9.0,47970,0.0,1.0
2016-04-24,9.0,9.0,9.0,9.0,41840,0.0,1.0
2016-04-21,9.0,9.0,9.0,9.0,189200,0.0,1.0
2016-04-20,9.0,9.0,9.0,9.0,126750,0.0,1.0
2016-04-19,9.0,9.0,9.0,9.0,124860,0.0,1.0
2016-04-18,9.0,10.0,10.0,9.0,64790,0.0,1.0
2016-04-17,9.0,9.0,9.0,9.0,72100,0.0,1.0
2016-04-13,9.0,9.0,9.0,9.0,60760,0.0,1.0
2016-04-12,9.0,9.0,10.0,9.0,40590,0.0,1.0
2016-04-11,9.0,9.0,10.0,9.0,54080,0.0,1.0
2016-04-10,9.0,10.0,10.0,9.0,48380,-0.1,1.0
2016-04-07,10.0,9.0,10.0,9.0,127510,0.1111,1.0
2016-04-06,9.0,10.0,10.0,9.0,282470,-0.1,1.0
2016-04-05,10.0,10.0,10.0,10.0,64019,0.0,1.0
2016-04-04,10.0,10.0,10.0,10.0,161010,0.0,1.0
2016-04-03,10.0,10.0,10.0,10.0,60810,0.0,1.0
2016-03-31,10.0,10.0,10.0,10.0,182600,0.0,1.0
2016-03-30,10.0,10.0,10.0,10.0,33040,0.0,1.0
2016-03-29,10.0,10.0,10.0,10.0,28210,0.0,1.0
2016-03-28,10.0,10.0,10.0,9.0,168090,0.0,1.0
2016-03-27,10.0,10.0,10.0,10.0,337350,0.0,1.0
2016-03-24,10.0,10.0,10.0,10.0,74490,0.0,1.0
2016-03-23,10.0,10.0,10.0,10.0,45860,0.0,1.0
2016-03-22,10.0,10.0,10.0,10.0,22860,0.0,0.0
2016-03-21,10.0,10.0,10.0,10.0,46030,0.0,1.0
2016-03-20,10.0,10.0,10.0,10.0,51690,0.0,1.0
2016-03-16,10.0,10.0,10.0,10.0,42180,0.0,1.0
2016-03-15,10.0,10.0,10.0,10.0,74390,0.0,1.0
2016-03-14,10.0,10.0,10.0,10.0,67230,0.0,1.0
2016-03-13,10.0,10.0,10.0,10.0,104450,0.0,1.0
2016-03-10,10.0,10.0,10.0,10.0,37950,0.0,1.0
2016-03-09,10.0,10.0,10.0,10.0,68910,0.0,1.0
2016-03-08,10.0,10.0,10.0,10.0,61340,0.0,1.0
2016-03-07,10.0,10.0,10.0,10.0,35760,0.0,1.0
2016-03-06,10.0,10.0,10.0,10.0,81130,0.0,1.0
2016-03-03,10.0,10.0,10.0,10.0,143720,0.0,1.0
2016-03-02,10.0,10.0,10.0,10.0,174630,0.0,1.0
2016-03-01,10.0,10.0,10.0,10.0,87800,0.0,1.0
2016-02-29,10.0,10.0,10.0,10.0,212300,0.0,1.0
2016-02-28,10.0,10.0,10.0,10.0,59640,0.0,1.0
2016-02-25,10.0,10.0,11.0,10.0,176260,0.0,1.0
2016-02-24,10.0,11.0,11.0,10.0,45430,-0.0909,1.0
2016-02-23,11.0,10.0,11.0,10.0,120050,0.1,1.0
2016-02-22,10.0,11.0,11.0,10.0,202200,-0.0909,1.0
2016-02-18,11.0,11.0,11.0,11.0,87430,0.0,1.0
2016-02-17,11.0,11.0,11.0,11.0,187850,0.0,1.0
2016-02-16,11.0,11.0,11.0,10.0,104810,0.1,1.0
2016-02-15,10.0,11.0,11.0,10.0,134730,-0.0909,1.0
2016-02-14,11.0,11.0,11.0,11.0,133070,0.0,1.0
2016-02-11,11.0,11.0,11.0,11.0,125100,0.0,1.0
2016-02-10,11.0,11.0,11.0,11.0,358100,0.0,1.0
2016-02-09,11.0,11.0,11.0,10.0,291550,0.0,1.0
2016-02-08,11.0,11.0,11.0,11.0,95020,0.0,1.0
2016-02-07,11.0,11.0,11.0,11.0,124220,0.0,1.0
2016-02-04,11.0,11.0,11.0,11.0,89690,0.0,1.0
2016-02-03,11.0,11.0,11.0,11.0,104640,0.0,1.0
2016-02-02,11.0,11.0,12.0,11.0,99940,0.0,1.0
2016-02-01,11.0,12.0,12.0,11.0,130680,0.0,1.0
2016-01-31,11.0,12.0,12.0,11.0,116530,0.0,1.0
2016-01-28,11.0,12.0,12.0,11.0,198200,-0.0833,1.0
2016-01-27,12.0,12.0,12.0,11.0,353380,0.0,1.0
2016-01-26,12.0,12.0,12.0,12.0,459420,0.0,1.0
2016-01-25,12.0,12.0,12.0,12.0,135710,0.0,1.0
2016-01-24,12.0,12.0,12.0,11.0,556800,0.0,1.0
2016-01-21,12.0,12.0,12.0,12.0,379970,0.0,1.0
2016-01-20,12.0,12.0,12.0,12.0,570070,0.0,1.0
2016-01-19,12.0,12.0,13.0,12.0,1320000,0.0,1.0
2016-01-18,12.0,11.0,12.0,11.0,431010,0.0909,1.0
2016-01-17,11.0,11.0,11.0,11.0,371130,-0.0833,1.0
2016-01-14,12.0,11.0,12.0,11.0,997250,0.0909,1.0
2016-01-13,11.0,11.0,11.0,11.0,751320,0.0,1.0
2016-01-12,11.0,10.0,11.0,10.0,225120,0.1,1.0
2016-01-11,10.0,10.0,11.0,10.0,169630,0.0,1.0
2016-01-10,10.0,10.0,10.0,10.0,375920,0.0,1.0
2016-01-07,10.0,10.0,10.0,10.0,138290,0.0,1.0
2016-01-06,10.0,10.0,10.0,10.0,450030,0.0,1.0
2016-01-05,10.0,10.0,10.0,10.0,99180,0.0,1.0
2016-01-04,10.0,10.0,10.0,10.0,40400,0.0,1.0
2016-01-03,10.0,10.0,10.0,10.0,150890,0.0,1.0
2015-12-31,10.0,10.0,10.0,10.0,103190,0.0,1.0
2015-12-30,10.0,10.0,10.0,10.0,188370,0.0,1.0
2015-12-29,10.0,10.0,10.0,10.0,401290,0.0,1.0
2015-12-28,10.0,10.0,10.0,10.0,295410,0.0,1.0
2015-12-27,10.0,10.0,10.0,10.0,128020,0.0,1.0
2015-12-24,10.0,10.0,10.0,10.0,178910,0.0,1.0
2015-12-23,10.0,10.0,11.0,10.0,129259,-0.0909,1.0
2015-12-22,11.0,11.0,11.0,10.0,56540,0.0,1.0
2015-12-21,11.0,10.0,11.0,10.0,130650,0.1,1.0
2015-12-20,10.0,10.0,10.0,10.0,59040,-0.0909,1.0
2015-12-17,11.0,11.0,11.0,10.0,54320,0.0,1.0
2015-12-15,11.0,10.0,11.0,10.0,114400,0.1,1.0
2015-12-14,10.0,10.0,10.0,10.0,29450,0.0,1.0
2015-12-13,10.0,11.0,11.0,10.0,71440,-0.0909,1.0
2015-12-10,11.0,11.0,11.0,11.0,124100,0.0,1.0
2015-12-09,11.0,11.0,11.0,11.0,654330,0.0,1.0
2015-12-08,11.0,11.0,11.0,11.0,530950,0.0,1.0
2015-12-07,11.0,11.0,11.0,11.0,1240000,0.1,1.0
2015-12-06,10.0,10.0,10.0,10.0,103190,0.0,1.0
2015-12-03,10.0,10.0,10.0,10.0,110840,0.0,1.0
2015-12-02,10.0,10.0,10.0,10.0,28890,0.0,1.0
2015-12-01,10.0,10.0,10.0,10.0,68690,0.0,1.0
2015-11-30,10.0,10.0,10.0,10.0,65140,0.0,1.0
2015-11-29,10.0,10.0,10.0,10.0,64670,0.0,1.0
2015-11-26,10.0,10.0,10.0,10.0,42400,0.0,1.0
2015-11-25,10.0,10.0,10.0,10.0,98200,0.0,1.0
2015-11-24,10.0,10.0,10.0,10.0,124370,0.0,1.0
2015-11-23,10.0,10.0,10.0,10.0,108430,0.0,1.0
2015-11-22,10.0,10.0,10.0,10.0,85120,0.0,1.0
2015-11-19,10.0,10.0,10.0,10.0,68460,0.0,1.0
2015-11-18,10.0,10.0,10.0,10.0,49830,0.0,1.0
2015-11-17,10.0,10.0,10.0,9.0,58510,0.0,1.0
2015-11-16,10.0,10.0,10.0,9.0,105610,0.1111,1.0
2015-11-15,9.0,9.0,10.0,9.0,71740,0.0,1.0
2015-11-12,9.0,9.0,10.0,9.0,64870,0.0,1.0
2015-11-11,9.0,10.0,10.0,9.0,88030,0.0,1.0
2015-11-10,9.0,10.0,10.0,9.0,132430,-0.1,1.0
2015-11-09,10.0,10.0,10.0,9.0,178170,0.0,1.0
2015-11-08,10.0,10.0,10.0,10.0,220740,0.0,1.0
2015-11-05,10.0,10.0,10.0,10.0,212330,0.0,1.0
2015-11-04,10.0,10.0,10.0,10.0,131750,0.0,1.0
2015-11-03,10.0,10.0,10.0,10.0,108230,0.0,1.0
2015-11-02,10.0,10.0,10.0,10.0,57780,0.0,1.0
2015-11-01,10.0,10.0,10.0,9.0,111600,0.0,1.0
2015-10-29,10.0,10.0,10.0,10.0,66230,0.0,1.0
2015-10-28,10.0,10.0,10.0,10.0,303280,0.0,1.0
2015-10-27,10.0,10.0,10.0,10.0,110040,0.0,1.0
2015-10-26,10.0,10.0,10.0,10.0,44070,0.0,1.0
2015-10-25,10.0,10.0,10.0,10.0,34270,0.0,1.0
2015-10-21,10.0,10.0,10.0,10.0,159270,0.0,1.0
2015-10-20,10.0,10.0,10.0,10.0,88460,0.0,1.0
2015-10-19,10.0,10.0,10.0,10.0,75750,0.0,1.0
2015-10-18,10.0,10.0,10.0,10.0,60730,0.0,1.0
2015-10-15,10.0,10.0,11.0,10.0,65300,0.0,1.0
2015-10-14,10.0,10.0,11.0,10.0,50310,-0.0909,1.0
2015-10-13,11.0,11.0,11.0,10.0,30510,0.0,1.0
2015-10-12,11.0,11.0,11.0,10.0,64890,0.1,1.0
2015-10-11,10.0,11.0,11.0,10.0,89080,-0.0909,1.0
2015-10-08,11.0,11.0,11.0,10.0,46370,0.0,1.0
2015-10-07,11.0,11.0,11.0,10.0,137780,0.0,1.0
2015-10-06,11.0,11.0,11.0,11.0,28680,0.0,1.0
2015-10-05,11.0,11.0,11.0,11.0,68050,0.0,1.0
2015-10-04,11.0,11.0,11.0,11.0,92180,0.0,1.0
2015-10-01,11.0,11.0,11.0,11.0,174080,0.0,1.0
2015-09-30,11.0,11.0,11.0,11.0,199160,0.0,1.0
2015-09-29,11.0,11.0,11.0,11.0,90080,0.0,1.0
2015-09-28,11.0,11.0,11.0,11.0,91960,0.0,1.0
2015-09-22,11.0,11.0,11.0,11.0,122370,0.0,1.0
2015-09-21,11.0,11.0,11.0,11.0,73560,0.0,1.0
2015-09-20,11.0,11.0,11.0,11.0,100790,0.0,1.0
2015-09-17,11.0,11.0,11.0,11.0,289960,0.0,1.0
2015-09-16,11.0,11.0,11.0,11.0,238240,0.0,1.0
2015-09-15,11.0,11.0,11.0,11.0,165370,0.0,1.0
2015-09-14,11.0,11.0,11.0,11.0,279280,0.0,1.0
2015-09-13,11.0,11.0,12.0,11.0,496700,0.0,1.0
2015-09-10,11.0,11.0,11.0,11.0,102210,0.0,1.0
2015-09-09,11.0,11.0,11.0,11.0,85960,0.0,1.0
2015-09-08,11.0,11.0,11.0,11.0,187450,0.0,1.0
2015-09-07,11.0,11.0,11.0,11.0,441360,0.0,1.0
2015-09-06,11.0,11.0,11.0,11.0,112910,0.0,1.0
2015-09-03,11.0,11.0,11.0,11.0,305100,0.0,1.0
2015-09-02,11.0,11.0,11.0,11.0,135210,0.0,1.0
2015-09-01,11.0,11.0,11.0,11.0,51580,0.0,1.0
2015-08-31,11.0,11.0,11.0,11.0,96290,0.0,1.0
2015-08-30,11.0,11.0,11.0,11.0,75200,0.0,1.0
2015-08-27,11.0,11.0,11.0,11.0,87760,0.0,1.0
2015-08-26,11.0,11.0,11.0,11.0,78420,0.0,1.0
2015-08-25,11.0,11.0,11.0,11.0,50920,0.0,1.0
2015-08-24,11.0,11.0,11.0,11.0,90370,0.0,1.0
2015-08-23,11.0,11.0,11.0,11.0,60820,0.0,1.0
2015-08-20,11.0,11.0,11.0,11.0,84320,0.0,1.0
2015-08-19,11.0,11.0,11.0,11.0,84460,0.0,1.0
2015-08-18,11.0,11.0,11.0,11.0,51990,0.0,1.0
2015-08-17,11.0,11.0,11.0,11.0,145040,0.0,1.0
2015-08-16,11.0,11.0,11.0,11.0,69540,0.0,1.0
2015-08-13,11.0,11.0,11.0,11.0,90080,0.0,1.0
2015-08-12,11.0,11.0,11.0,11.0,123170,0.0,1.0
2015-08-11,11.0,11.0,12.0,11.0,75820,0.0,1.0
2015-08-10,11.0,11.0,12.0,11.0,136630,0.0,1.0
2015-08-09,11.0,11.0,12.0,11.0,81970,-0.0833,1.0
2015-08-06,12.0,12.0,12.0,11.0,78080,0.0,1.0
2015-08-05,12.0,12.0,12.0,11.0,111400,0.0,1.0
2015-08-04,12.0,11.0,12.0,11.0,258200,0.0909,1.0
2015-08-03,11.0,11.0,11.0,11.0,157120,0.0,1.0
2015-08-02,11.0,11.0,12.0,11.0,134770,0.0,1.0
2015-07-30,11.0,12.0,12.0,11.0,215180,0.0,1.0
2015-07-29,11.0,12.0,12.0,11.0,642770,-0.0833,1.0
2015-07-28,12.0,12.0,12.0,12.0,168380,0.0,1.0
2015-07-27,12.0,12.0,12.0,11.0,53590,0.0,1.0
2015-07-26,12.0,12.0,12.0,12.0,73390,0.0,1.0
2015-07-23,12.0,12.0,12.0,12.0,199720,0.0,1.0
2015-07-22,12.0,12.0,12.0,12.0,53380,0.0,1.0
2015-07-21,12.0,11.0,12.0,11.0,143000,0.0909,1.0
2015-07-14,11.0,11.0,12.0,11.0,74720,0.0,1.0
2015-07-13,11.0,11.0,11.0,11.0,75920,0.0,1.0
2015-07-12,11.0,11.0,12.0,11.0,134260,0.0,1.0
2015-07-09,11.0,11.0,12.0,11.0,53300,0.0,1.0
2015-07-08,11.0,11.0,12.0,11.0,51360,0.0,1.0
2015-07-07,11.0,11.0,12.0,11.0,61030,0.0,1.0
2015-07-06,11.0,11.0,12.0,11.0,44420,-0.0833,1.0
2015-07-05,12.0,12.0,12.0,11.0,52450,0.0,1.0
2015-07-02,12.0,12.0,12.0,11.0,72950,0.0,1.0
2015-06-30,12.0,11.0,12.0,11.0,29400,0.0,1.0
2015-06-29,12.0,12.0,12.0,12.0,32930,0.0,1.0
2015-06-28,12.0,12.0,12.0,11.0,78730,0.0,1.0
2015-06-25,12.0,12.0,12.0,12.0,53360,0.0,1.0
2015-06-24,12.0,12.0,12.0,12.0,67810,0.0,1.0
2015-06-23,12.0,12.0,12.0,12.0,167380,0.0,1.0
2015-06-22,12.0,12.0,12.0,12.0,26490,0.0,0.0
2015-06-21,12.0,12.0,13.0,12.0,144860,0.0,1.0
2015-06-18,12.0,12.0,12.0,12.0,45060,0.0,1.0
2015-06-17,12.0,11.0,12.0,11.0,147580,0.0,1.0
2015-06-16,12.0,12.0,12.0,12.0,42960,0.0,1.0
2015-06-15,12.0,12.0,12.0,12.0,29850,0.0,1.0
2015-06-14,12.0,12.0,12.0,11.0,88080,0.0,1.0
2015-06-11,12.0,12.0,12.0,12.0,88320,0.0,1.0
2015-06-10,12.0,12.0,12.0,12.0,58270,0.0,1.0
2015-06-09,12.0,12.0,12.0,12.0,51460,0.0,1.0
2015-06-08,12.0,12.0,12.0,12.0,47120,0.0,1.0
2015-06-07,12.0,12.0,12.0,12.0,61330,0.0,1.0
2015-06-04,12.0,12.0,12.0,12.0,70650,0.0,1.0
2015-06-02,12.0,12.0,12.0,12.0,74070,0.0,1.0
2015-06-01,12.0,12.0,12.0,12.0,128160,0.0,1.0
2015-05-31,12.0,12.0,12.0,12.0,148960,0.0,1.0
2015-05-28,12.0,13.0,13.0,12.0,174820,-0.0769,1.0
2015-05-27,13.0,13.0,13.0,13.0,137560,0.0,1.0
2015-05-26,13.0,14.0,14.0,13.0,265290,0.0,1.0
2015-05-25,13.0,13.0,14.0,13.0,265170,0.0,1.0
2015-05-24,13.0,13.0,13.0,13.0,44030,0.0,1.0
2015-05-21,13.0,13.0,14.0,13.0,360980,0.0,1.0
2015-05-20,13.0,13.0,13.0,12.0,230260,0.0,1.0
2015-05-19,13.0,12.0,13.0,12.0,172070,0.1818,1.0
2015-05-17,11.0,12.0,12.0,11.0,131300,-0.0833,1.0
2015-05-14,12.0,12.0,12.0,11.0,156800,0.0,1.0
2015-05-13,12.0,12.0,13.0,12.0,258070,0.0,1.0
2015-05-12,12.0,13.0,14.0,12.0,329620,-0.0769,1.0
2015-05-11,13.0,13.0,13.0,11.0,638800,0.0833,1.0
2015-05-10,12.0,11.0,12.0,11.0,299160,0.0909,1.0
2015-05-07,11.0,10.0,11.0,10.0,239960,0.1,1.0
2015-05-06,10.0,10.0,10.0,10.0,34000,0.0,1.0
2015-05-05,10.0,10.0,10.0,10.0,80970,0.0,1.0
2015-05-04,10.0,10.0,10.0,10.0,24530,0.0,0.0
2015-04-30,10.0,10.0,10.0,10.0,30720,0.0,1.0
2015-04-29,10.0,10.0,10.0,10.0,54430,0.0,1.0
2015-04-27,10.0,10.0,10.0,10.0,42800,0.0,1.0
2015-04-26,10.0,10.0,10.0,10.0,50700,-0.0909,1.0
2015-04-23,11.0,11.0,11.0,10.0,59600,0.0,1.0
2015-04-22,11.0,11.0,11.0,11.0,50120,0.0,1.0
2015-04-21,11.0,11.0,11.0,11.0,31020,0.0,1.0
2015-04-20,11.0,11.0,12.0,11.0,127430,0.0,1.0
2015-04-19,11.0,11.0,12.0,11.0,151460,0.0,1.0
2015-04-16,11.0,11.0,12.0,11.0,136640,0.0,1.0
2015-04-15,11.0,11.0,11.0,10.0,54090,0.1,1.0
2015-04-13,10.0,10.0,11.0,10.0,17600,-0.0909,0.0
2015-04-12,11.0,11.0,11.0,10.0,23200,0.0,0.0
2015-04-09,11.0,11.0,11.0,11.0,25120,0.0,0.0
2015-04-08,11.0,11.0,11.0,10.0,53520,0.0,1.0
2015-04-07,11.0,11.0,11.0,11.0,26060,0.0,0.0
2015-04-06,11.0,12.0,12.0,11.0,28980,-0.0833,1.0
2015-04-05,12.0,12.0,12.0,11.0,43560,0.0,1.0
2015-04-02,12.0,12.0,12.0,12.0,22700,0.0,0.0
2015-04-01,12.0,12.0,12.0,11.0,75630,0.0,1.0
2015-03-31,12.0,12.0,12.0,12.0,58860,0.0,1.0
2015-03-30,12.0,12.0,12.0,12.0,18690,0.0,0.0
2015-03-29,12.0,12.0,12.0,12.0,37820,0.0,1.0
2015-03-25,12.0,12.0,12.0,12.0,14210,0.0,0.0
2015-03-24,12.0,12.0,12.0,12.0,49130,0.0,1.0
2015-03-23,12.0,12.0,12.0,12.0,48800,0.0,1.0
2015-03-22,12.0,12.0,12.0,12.0,49210,0.0,1.0
2015-03-19,12.0,12.0,12.0,12.0,12450,0.0,0.0
2015-03-18,12.0,12.0,12.0,12.0,140310,0.0,1.0
2015-03-16,12.0,12.0,13.0,12.0,51770,-0.0769,1.0
2015-03-15,13.0,13.0,13.0,12.0,55130,0.0,1.0
2015-03-12,13.0,13.0,13.0,12.0,32619,0.0,1.0
2015-03-11,13.0,13.0,13.0,13.0,83290,0.0,1.0
2015-03-10,13.0,13.0,13.0,13.0,34790,0.0,1.0
2015-03-09,13.0,13.0,13.0,13.0,49820,0.0,1.0
2015-03-08,13.0,13.0,13.0,13.0,28880,0.0,1.0
2015-03-05,13.0,13.0,13.0,13.0,34310,0.0,1.0
2015-03-04,13.0,13.0,13.0,13.0,46610,0.0,1.0
2015-03-03,13.0,13.0,13.0,13.0,99690,0.0,1.0
2015-03-02,13.0,13.0,13.0,13.0,22230,0.0,0.0
2015-03-01,13.0,13.0,14.0,13.0,50860,-0.0714,1.0
2015-02-26,14.0,14.0,14.0,14.0,43170,0.0,1.0
2015-02-25,14.0,14.0,14.0,14.0,104600,0.0,1.0
2015-02-24,14.0,14.0,14.0,14.0,37780,0.0,1.0
2015-02-23,14.0,14.0,14.0,14.0,67150,0.0,1.0
2015-02-22,14.0,14.0,14.0,14.0,65990,0.0,1.0
2015-02-19,14.0,14.0,14.0,14.0,29530,0.0,1.0
2015-02-18,14.0,14.0,14.0,14.0,79930,0.0,1.0
2015-02-17,14.0,14.0,14.0,14.0,125830,0.0,1.0
2015-02-16,14.0,14.0,15.0,14.0,96560,0.0,1.0
2015-02-15,14.0,14.0,14.0,14.0,113190,0.0,1.0
2015-02-12,14.0,13.0,14.0,13.0,32040,0.0769,1.0
2015-02-11,13.0,13.0,14.0,13.0,90540,0.0,1.0
2015-02-10,13.0,13.0,14.0,13.0,120970,0.0,1.0
2015-02-09,13.0,13.0,13.0,13.0,65050,0.0,1.0
2015-02-08,13.0,13.0,13.0,13.0,90360,0.0,1.0
2015-02-05,13.0,13.0,13.0,13.0,69800,0.0,1.0
2015-02-04,13.0,13.0,13.0,13.0,140400,0.0,1.0
2015-02-03,13.0,13.0,13.0,13.0,100900,0.0,1.0
2015-02-02,13.0,13.0,13.0,13.0,61250,0.0,1.0
2015-02-01,13.0,13.0,14.0,13.0,53460,0.0,1.0
2015-01-29,13.0,14.0,14.0,13.0,109360,-0.0714,1.0
2015-01-28,14.0,14.0,14.0,14.0,18700,0.0,0.0
2015-01-27,14.0,14.0,14.0,13.0,48740,0.0,1.0
2015-01-26,14.0,14.0,14.0,14.0,70050,0.0,1.0
2015-01-25,14.0,13.0,14.0,13.0,48100,0.0,1.0
2015-01-22,14.0,13.0,14.0,13.0,153920,0.0,1.0
2015-01-21,14.0,14.0,14.0,14.0,81640,0.0,1.0
2015-01-20,14.0,14.0,14.0,14.0,31850,0.0,1.0
2015-01-19,14.0,14.0,15.0,14.0,137140,0.0,1.0
2015-01-18,14.0,15.0,15.0,14.0,58310,-0.0667,1.0
2015-01-15,15.0,15.0,15.0,14.0,36810,0.0714,1.0
2015-01-14,14.0,15.0,15.0,14.0,228090,-0.0667,1.0
2015-01-13,15.0,14.0,15.0,14.0,178820,0.0714,1.0
2015-01-12,14.0,14.0,15.0,14.0,38690,-0.0667,1.0
2015-01-11,15.0,15.0,15.0,14.0,194970,0.0,1.0
2015-01-08,15.0,14.0,15.0,14.0,230500,0.0,1.0
2015-01-07,15.0,15.0,15.0,14.0,208450,0.0,1.0
2015-01-06,15.0,14.0,15.0,14.0,81010,0.0714,1.0
2015-01-05,14.0,15.0,15.0,14.0,138250,-0.0667,1.0
2015-01-01,15.0,14.0,15.0,14.0,34440,0.0,1.0
2014-12-30,15.0,14.0,15.0,14.0,63260,0.0,1.0
2014-12-29,15.0,15.0,15.0,14.0,40500,0.0,1.0
2014-12-28,15.0,15.0,15.0,14.0,18340,0.0,0.0
2014-12-24,15.0,15.0,15.0,14.0,25330,0.0,0.0
2014-12-23,15.0,14.0,15.0,14.0,66760,0.0,1.0
2014-12-22,15.0,15.0,15.0,15.0,91760,0.0,1.0
2014-12-21,15.0,15.0,15.0,15.0,56420,0.0,1.0
2014-12-18,15.0,15.0,15.0,14.0,71560,0.0,1.0
2014-12-17,15.0,15.0,15.0,15.0,56370,0.0,1.0
2014-12-15,15.0,15.0,15.0,15.0,45050,0.0,1.0
2014-12-14,15.0,15.0,15.0,15.0,61260,0.0,1.0
2014-12-11,15.0,15.0,15.0,15.0,27820,0.0,1.0
2014-12-10,15.0,15.0,15.0,15.0,174520,0.0,1.0
2014-12-09,15.0,15.0,15.0,15.0,194960,0.0,1.0
2014-12-08,15.0,15.0,15.0,15.0,128440,0.0,1.0
2014-12-07,15.0,15.0,15.0,15.0,122890,0.0,1.0
2014-12-04,15.0,15.0,16.0,15.0,229040,-0.0625,1.0
2014-12-03,16.0,15.0,16.0,15.0,257100,0.0667,1.0
2014-12-02,15.0,15.0,15.0,15.0,217490,0.0,1.0
2014-12-01,15.0,15.0,15.0,15.0,118160,0.0,1.0
2014-11-30,15.0,15.0,15.0,15.0,114920,0.0,1.0
2014-11-27,15.0,15.0,15.0,14.0,77500,0.0714,1.0
2014-11-26,14.0,15.0,15.0,14.0,106380,-0.0667,1.0
2014-11-25,15.0,15.0,15.0,15.0,39850,0.0,1.0
2014-11-24,15.0,15.0,15.0,15.0,73690,0.0,1.0
2014-11-23,15.0,15.0,15.0,15.0,59250,0.0,1.0
2014-11-20,15.0,15.0,15.0,15.0,110530,0.0,1.0
2014-11-19,15.0,15.0,15.0,15.0,87660,0.0,1.0
2014-11-18,15.0,15.0,15.0,15.0,133400,0.0,1.0
2014-11-17,15.0,15.0,15.0,15.0,307000,0.0,1.0
2014-11-16,15.0,16.0,16.0,15.0,158700,0.0,1.0
2014-11-13,15.0,15.0,16.0,15.0,141490,0.0,1.0
2014-11-12,15.0,15.0,16.0,15.0,391890,0.0,1.0
2014-11-11,15.0,16.0,16.0,15.0,183530,0.0,1.0
2014-11-10,15.0,16.0,16.0,15.0,369480,0.0,1.0
2014-11-09,15.0,16.0,16.0,15.0,268080,-0.0625,1.0
2014-11-06,16.0,16.0,16.0,16.0,120700,0.0,1.0
2014-11-05,16.0,16.0,16.0,16.0,173130,0.0,1.0
2014-11-03,16.0,16.0,16.0,16.0,91710,0.0,1.0
2014-11-02,16.0,16.0,16.0,16.0,164130,0.0,1.0
2014-10-30,16.0,16.0,17.0,16.0,183530,0.0,1.0
2014-10-29,16.0,16.0,17.0,16.0,108340,0.0,1.0
2014-10-28,16.0,17.0,17.0,16.0,165860,-0.0588,1.0
2014-10-27,17.0,16.0,17.0,16.0,138950,0.0,1.0
2014-10-26,17.0,17.0,17.0,16.0,111460,0.0,1.0
2014-10-23,17.0,17.0,17.0,16.0,197970,0.0,1.0
2014-10-22,17.0,18.0,18.0,17.0,198540,0.0,1.0
2014-10-21,17.0,17.0,18.0,17.0,235970,0.0,1.0
2014-10-20,17.0,17.0,18.0,17.0,227300,0.0,1.0
2014-10-19,17.0,18.0,18.0,17.0,342690,-0.0556,1.0
2014-10-16,18.0,19.0,19.0,18.0,502430,-0.0526,1.0
2014-10-15,19.0,19.0,19.0,19.0,711130,0.0,1.0
2014-10-14,19.0,18.0,19.0,18.0,1160000,0.0556,1.0
2014-10-13,18.0,18.0,18.0,18.0,580620,0.0,1.0
2014-10-12,18.0,17.0,19.0,17.0,966390,0.0588,1.0
2014-10-02,17.0,16.0,17.0,16.0,1330000,0.0625,1.0
2014-10-01,16.0,16.0,16.0,16.0,513169,0.0667,1.0
2014-09-30,15.0,15.0,16.0,15.0,301800,0.0,1.0
2014-09-29,15.0,15.0,16.0,15.0,333560,0.0,1.0
2014-09-28,15.0,16.0,16.0,15.0,424810,0.0,1.0
2014-09-25,15.0,16.0,16.0,15.0,528990,-0.0625,1.0
2014-09-24,16.0,16.0,16.0,16.0,381730,0.0,1.0
2014-09-23,16.0,15.0,17.0,15.0,1340000,0.0667,1.0
2014-09-22,15.0,15.0,15.0,15.0,513280,0.0,1.0
2014-09-21,15.0,15.0,15.0,15.0,763800,0.0,1.0
2014-09-18,15.0,14.0,15.0,14.0,393280,0.0,1.0
2014-09-17,15.0,15.0,15.0,15.0,397670,0.0,1.0
2014-09-16,15.0,15.0,15.0,15.0,281240,0.0,1.0
2014-09-15,15.0,15.0,15.0,15.0,262530,0.0,1.0
2014-09-14,15.0,15.0,15.0,15.0,374220,0.0,1.0
2014-09-11,15.0,15.0,15.0,15.0,245900,0.0,1.0
2014-09-10,15.0,15.0,16.0,15.0,396860,0.0,1.0
2014-09-09,15.0,15.0,16.0,15.0,269230,0.0,1.0
2014-09-08,15.0,16.0,16.0,15.0,420070,-0.0625,1.0
2014-09-07,16.0,15.0,16.0,15.0,1320000,0.0667,1.0
2014-09-04,15.0,15.0,16.0,15.0,966620,0.0,1.0
2014-09-03,15.0,14.0,15.0,14.0,1100000,0.0714,1.0
2014-09-02,14.0,14.0,15.0,14.0,213680,0.0,1.0
2014-09-01,14.0,14.0,15.0,14.0,301570,0.0,1.0
2014-08-31,14.0,15.0,15.0,14.0,339450,-0.0667,1.0
2014-08-28,15.0,15.0,15.0,15.0,212750,0.0,1.0
2014-08-27,15.0,15.0,15.0,14.0,500920,0.0714,1.0
2014-08-26,14.0,15.0,15.0,14.0,563640,0.0,1.0
2014-08-25,14.0,15.0,15.0,14.0,328480,0.0,1.0
2014-08-24,14.0,15.0,15.0,14.0,268420,-0.0667,1.0
2014-08-21,15.0,15.0,15.0,15.0,474820,0.0,1.0
2014-08-20,15.0,15.0,15.0,15.0,230420,0.0,1.0
2014-08-19,15.0,15.0,16.0,15.0,1060000,0.0,1.0
2014-08-18,15.0,15.0,15.0,15.0,480130,0.0,1.0
2014-08-14,15.0,15.0,15.0,15.0,547930,0.0,1.0
2014-08-13,15.0,15.0,15.0,15.0,187570,0.0,1.0
2014-08-12,15.0,15.0,15.0,15.0,396280,0.0,1.0
2014-08-11,15.0,15.0,15.0,15.0,384150,0.0,1.0
2014-08-10,15.0,15.0,15.0,15.0,238050,0.0,1.0
2014-08-07,15.0,15.0,15.0,15.0,411870,0.0,1.0
2014-08-06,15.0,15.0,16.0,15.0,706510,0.0,1.0
2014-08-05,15.0,16.0,16.0,15.0,564100,0.0,1.0
2014-08-04,15.0,16.0,16.0,15.0,618730,0.0,1.0
2014-08-03,15.0,15.0,15.0,15.0,216100,0.0,1.0
2014-07-24,15.0,16.0,16.0,15.0,562140,-0.0625,1.0
2014-07-23,16.0,16.0,16.0,16.0,400320,0.0,1.0
2014-07-22,16.0,16.0,17.0,16.0,828250,0.0,1.0
2014-07-21,16.0,16.0,16.0,16.0,300760,0.0,1.0
